-- phpMyAdmin SQL Dump
-- version 5.2.1
-- https://www.phpmyadmin.net/
--
-- Host: 127.0.0.1
-- Generation Time: Jul 10, 2026 at 12:55 PM
-- Server version: 10.4.32-MariaDB
-- PHP Version: 8.2.12

SET SQL_MODE = "NO_AUTO_VALUE_ON_ZERO";
START TRANSACTION;
SET time_zone = "+00:00";


/*!40101 SET @OLD_CHARACTER_SET_CLIENT=@@CHARACTER_SET_CLIENT */;
/*!40101 SET @OLD_CHARACTER_SET_RESULTS=@@CHARACTER_SET_RESULTS */;
/*!40101 SET @OLD_COLLATION_CONNECTION=@@COLLATION_CONNECTION */;
/*!40101 SET NAMES utf8mb4 */;

--
-- Database: `badminton_crm`
--

-- --------------------------------------------------------

--
-- Table structure for table `bookings`
--

CREATE TABLE `bookings` (
  `id` bigint(20) UNSIGNED NOT NULL,
  `user_id` bigint(20) UNSIGNED DEFAULT NULL,
  `jadwal_id` bigint(20) UNSIGNED NOT NULL,
  `lapangan_id` bigint(20) UNSIGNED NOT NULL,
  `tanggal_booking` date NOT NULL,
  `total_harga` decimal(10,2) NOT NULL,
  `snap_token` varchar(255) DEFAULT NULL,
  `status` enum('pending','dikonfirmasi','dibatalkan','selesai','dipesan') DEFAULT 'pending',
  `catatan` text DEFAULT NULL,
  `is_offline` tinyint(1) NOT NULL DEFAULT 0,
  `rating` tinyint(4) DEFAULT NULL COMMENT '1-5 stars',
  `ulasan` text DEFAULT NULL,
  `is_tampil_beranda` tinyint(1) NOT NULL DEFAULT 0,
  `reward_applied` tinyint(1) NOT NULL DEFAULT 0,
  `voucher_id` bigint(20) UNSIGNED DEFAULT NULL,
  `nama_pemesan_offline` varchar(255) DEFAULT NULL,
  `no_hp_offline` varchar(255) DEFAULT NULL,
  `fasilitas` text DEFAULT NULL,
  `created_at` timestamp NULL DEFAULT NULL,
  `updated_at` timestamp NULL DEFAULT NULL
) ENGINE=InnoDB DEFAULT CHARSET=utf8mb4 COLLATE=utf8mb4_unicode_ci;

--
-- Dumping data for table `bookings`
--

INSERT INTO `bookings` (`id`, `user_id`, `jadwal_id`, `lapangan_id`, `tanggal_booking`, `total_harga`, `snap_token`, `status`, `catatan`, `is_offline`, `rating`, `ulasan`, `is_tampil_beranda`, `reward_applied`, `voucher_id`, `nama_pemesan_offline`, `no_hp_offline`, `fasilitas`, `created_at`, `updated_at`) VALUES
(1, 3, 6, 1, '2026-06-11', 55000.00, NULL, 'selesai', NULL, 0, NULL, NULL, 0, 0, NULL, NULL, NULL, '', '2026-06-11 02:09:50', '2026-07-09 16:01:48'),
(2, 3, 676, 3, '2026-06-12', 105000.00, NULL, 'selesai', NULL, 0, NULL, NULL, 0, 0, NULL, NULL, NULL, 'Sewa Raket x2', '2026-06-12 13:27:25', '2026-07-09 16:01:48'),
(3, NULL, 677, 1, '2026-06-13', 265000.00, NULL, 'selesai', NULL, 1, NULL, NULL, 0, 0, NULL, 'Awal', '6287864965073', 'Sewa Raket x2, Kok Satuan x1, Kok 1 Slop x1, Anbiyaa Water x1', '2026-06-12 15:58:41', '2026-07-09 16:01:48'),
(4, 2, 107, 2, '2026-06-13', 660000.00, NULL, 'selesai', NULL, 0, NULL, NULL, 0, 0, NULL, NULL, NULL, 'Sewa Raket x2, Kok Satuan x2, Kok 1 Slop x2, Anbiyaa Water x2', '2026-06-12 16:02:35', '2026-07-09 16:01:48'),
(6, 4, 581, 3, '2026-06-23', 243000.00, NULL, 'selesai', NULL, 0, 5, 'Mantap main di lapangan ini', 1, 0, NULL, NULL, NULL, 'Sewa Raket x1, Kok Satuan x1, Kok 1 Slop x1, Anbiyaa Water x1, Ultra Milk x1', '2026-06-23 02:29:44', '2026-07-10 06:36:50'),
(7, NULL, 681, 3, '2026-07-03', 268000.00, NULL, 'selesai', NULL, 1, NULL, NULL, 0, 0, NULL, 'Dila S.Kom', '6281313378355', 'Sewa Raket x2, Kok Satuan x1, Kok 1 Slop x1, Anbiyaa Water x1, Ultra Milk x1', '2026-07-03 05:25:51', '2026-07-09 16:01:48'),
(8, 5, 682, 3, '2026-07-07', 378000.00, NULL, 'selesai', NULL, 0, 5, 'Mantap ini lapangan', 1, 0, NULL, NULL, NULL, 'Sewa Raket x2, Kok Satuan x1, Kok 1 Slop x1, Anbiyaa Water x1, Ultra Milk x1', '2026-07-07 02:42:26', '2026-07-10 06:16:51'),
(9, 2, 683, 1, '2026-07-07', 378000.00, NULL, 'selesai', NULL, 0, NULL, NULL, 0, 0, NULL, NULL, NULL, 'Sewa Raket x2, Kok Satuan x1, Kok 1 Slop x1, Anbiyaa Water x1, Ultra Milk x1', '2026-07-07 03:33:18', '2026-07-09 16:01:48'),
(10, 2, 684, 1, '2026-07-07', 273000.00, NULL, 'selesai', NULL, 0, 5, 'Mantap eee', 1, 1, NULL, NULL, NULL, 'Kok Satuan x1, Kok 1 Slop x1, Anbiyaa Water x1, Ultra Milk x1', '2026-07-07 03:40:38', '2026-07-09 16:03:30'),
(12, 5, 689, 1, '2026-07-09', 318000.00, NULL, 'dibatalkan', NULL, 0, NULL, NULL, 0, 1, NULL, NULL, NULL, 'Sewa Raket x2, Kok Satuan x1, Kok 1 Slop x1, Anbiyaa Water x1, Ultra Milk x1', '2026-07-08 14:24:42', '2026-07-08 14:25:05'),
(13, 5, 690, 1, '2026-07-13', 350000.00, NULL, 'dipesan', 'Sesi Rutin Member (Paket Weekday_pagi)', 0, NULL, NULL, 0, 0, NULL, NULL, NULL, NULL, '2026-07-09 14:44:24', '2026-07-09 14:44:24'),
(15, 4, 696, 1, '2026-07-10', 348000.00, NULL, 'dipesan', NULL, 0, NULL, NULL, 0, 1, NULL, NULL, NULL, 'Sewa Raket x2, Kok Satuan x1, Kok 1 Slop x1, Anbiyaa Water x1, Ultra Milk x1', '2026-07-10 06:40:43', '2026-07-10 06:41:37'),
(16, NULL, 697, 1, '2026-07-10', 110000.00, NULL, 'dipesan', NULL, 1, NULL, NULL, 0, 0, NULL, 'Awal', '6287864965073', '', '2026-07-10 07:13:50', '2026-07-10 07:13:50');

-- --------------------------------------------------------

--
-- Table structure for table `booking_fasilitas`
--

CREATE TABLE `booking_fasilitas` (
  `id` bigint(20) UNSIGNED NOT NULL,
  `booking_id` bigint(20) UNSIGNED NOT NULL,
  `fasilitas_id` bigint(20) UNSIGNED NOT NULL,
  `jumlah` int(11) NOT NULL DEFAULT 1,
  `harga_satuan` decimal(10,2) NOT NULL,
  `subtotal` decimal(10,2) NOT NULL,
  `created_at` timestamp NULL DEFAULT NULL,
  `updated_at` timestamp NULL DEFAULT NULL
) ENGINE=InnoDB DEFAULT CHARSET=utf8mb4 COLLATE=utf8mb4_unicode_ci;

--
-- Dumping data for table `booking_fasilitas`
--

INSERT INTO `booking_fasilitas` (`id`, `booking_id`, `fasilitas_id`, `jumlah`, `harga_satuan`, `subtotal`, `created_at`, `updated_at`) VALUES
(2, 2, 1, 2, 25000.00, 50000.00, '2026-06-12 13:27:51', '2026-06-12 13:27:51'),
(3, 3, 1, 2, 25000.00, 50000.00, '2026-06-12 15:58:41', '2026-06-12 15:58:41'),
(4, 3, 2, 1, 15000.00, 15000.00, '2026-06-12 15:58:41', '2026-06-12 15:58:41'),
(5, 3, 3, 1, 135000.00, 135000.00, '2026-06-12 15:58:41', '2026-06-12 15:58:41'),
(7, 4, 1, 2, 25000.00, 50000.00, '2026-06-12 16:02:35', '2026-06-12 16:02:35'),
(8, 4, 2, 2, 15000.00, 30000.00, '2026-06-12 16:02:35', '2026-06-12 16:02:35'),
(9, 4, 3, 2, 135000.00, 270000.00, '2026-06-12 16:02:35', '2026-06-12 16:02:35'),
(11, 6, 1, 1, 25000.00, 25000.00, '2026-06-23 02:29:44', '2026-06-23 02:29:44'),
(12, 6, 2, 1, 15000.00, 15000.00, '2026-06-23 02:29:44', '2026-06-23 02:29:44'),
(13, 6, 3, 1, 135000.00, 135000.00, '2026-06-23 02:29:44', '2026-06-23 02:29:44'),
(14, 6, 6, 1, 5000.00, 5000.00, '2026-06-23 02:29:44', '2026-06-23 02:29:44'),
(15, 6, 7, 1, 8000.00, 8000.00, '2026-06-23 02:29:44', '2026-06-23 02:29:44'),
(16, 7, 1, 2, 25000.00, 50000.00, '2026-07-03 05:25:51', '2026-07-03 05:25:51'),
(17, 7, 2, 1, 15000.00, 15000.00, '2026-07-03 05:25:51', '2026-07-03 05:25:51'),
(18, 7, 3, 1, 135000.00, 135000.00, '2026-07-03 05:25:51', '2026-07-03 05:25:51'),
(19, 7, 6, 1, 5000.00, 5000.00, '2026-07-03 05:25:51', '2026-07-03 05:25:51'),
(20, 7, 7, 1, 8000.00, 8000.00, '2026-07-03 05:25:51', '2026-07-03 05:25:51'),
(21, 8, 1, 2, 25000.00, 50000.00, '2026-07-07 02:42:26', '2026-07-07 02:42:26'),
(22, 8, 2, 1, 15000.00, 15000.00, '2026-07-07 02:42:26', '2026-07-07 02:42:26'),
(23, 8, 3, 1, 135000.00, 135000.00, '2026-07-07 02:42:26', '2026-07-07 02:42:26'),
(24, 8, 6, 1, 5000.00, 5000.00, '2026-07-07 02:42:26', '2026-07-07 02:42:26'),
(25, 8, 7, 1, 8000.00, 8000.00, '2026-07-07 02:42:26', '2026-07-07 02:42:26'),
(26, 9, 1, 2, 25000.00, 50000.00, '2026-07-07 03:33:18', '2026-07-07 03:33:18'),
(27, 9, 2, 1, 15000.00, 15000.00, '2026-07-07 03:33:18', '2026-07-07 03:33:18'),
(28, 9, 3, 1, 135000.00, 135000.00, '2026-07-07 03:33:18', '2026-07-07 03:33:18'),
(29, 9, 6, 1, 5000.00, 5000.00, '2026-07-07 03:33:18', '2026-07-07 03:33:18'),
(30, 9, 7, 1, 8000.00, 8000.00, '2026-07-07 03:33:18', '2026-07-07 03:33:18'),
(35, 10, 2, 1, 15000.00, 15000.00, '2026-07-07 03:41:10', '2026-07-07 03:41:10'),
(36, 10, 3, 1, 135000.00, 135000.00, '2026-07-07 03:41:10', '2026-07-07 03:41:10'),
(37, 10, 6, 1, 5000.00, 5000.00, '2026-07-07 03:41:10', '2026-07-07 03:41:10'),
(38, 10, 7, 1, 8000.00, 8000.00, '2026-07-07 03:41:10', '2026-07-07 03:41:10'),
(39, 12, 1, 2, 25000.00, 50000.00, '2026-07-08 14:24:42', '2026-07-08 14:24:42'),
(40, 12, 2, 1, 15000.00, 15000.00, '2026-07-08 14:24:42', '2026-07-08 14:24:42'),
(41, 12, 3, 1, 135000.00, 135000.00, '2026-07-08 14:24:42', '2026-07-08 14:24:42'),
(42, 12, 6, 1, 5000.00, 5000.00, '2026-07-08 14:24:42', '2026-07-08 14:24:42'),
(43, 12, 7, 1, 8000.00, 8000.00, '2026-07-08 14:24:42', '2026-07-08 14:24:42'),
(49, 15, 1, 2, 25000.00, 50000.00, '2026-07-10 06:40:43', '2026-07-10 06:40:43'),
(50, 15, 2, 1, 15000.00, 15000.00, '2026-07-10 06:40:43', '2026-07-10 06:40:43'),
(51, 15, 3, 1, 135000.00, 135000.00, '2026-07-10 06:40:43', '2026-07-10 06:40:43'),
(52, 15, 6, 1, 5000.00, 5000.00, '2026-07-10 06:40:43', '2026-07-10 06:40:43'),
(53, 15, 7, 1, 8000.00, 8000.00, '2026-07-10 06:40:43', '2026-07-10 06:40:43');

-- --------------------------------------------------------

--
-- Table structure for table `fasilitas`
--

CREATE TABLE `fasilitas` (
  `id` bigint(20) UNSIGNED NOT NULL,
  `nama` varchar(255) NOT NULL,
  `harga` decimal(10,2) NOT NULL,
  `stok` int(11) NOT NULL DEFAULT 0,
  `icon` varchar(255) DEFAULT NULL,
  `is_active` tinyint(1) NOT NULL DEFAULT 1,
  `created_at` timestamp NULL DEFAULT NULL,
  `updated_at` timestamp NULL DEFAULT NULL
) ENGINE=InnoDB DEFAULT CHARSET=utf8mb4 COLLATE=utf8mb4_unicode_ci;

--
-- Dumping data for table `fasilitas`
--

INSERT INTO `fasilitas` (`id`, `nama`, `harga`, `stok`, `icon`, `is_active`, `created_at`, `updated_at`) VALUES
(1, 'Sewa Raket', 25000.00, 2, 'bi-bag', 1, '2026-06-11 02:31:47', '2026-06-11 02:32:04'),
(2, 'Kok Satuan', 15000.00, 91, 'bi-record-circle', 1, '2026-06-12 15:56:33', '2026-07-10 06:41:37'),
(3, 'Kok 1 Slop', 135000.00, 91, 'bi-box-seam', 1, '2026-06-12 15:57:18', '2026-07-10 06:41:37'),
(6, 'Anbiyaa Water', 5000.00, 93, 'bi-droplet', 1, '2026-06-13 11:16:15', '2026-07-10 06:41:37'),
(7, 'Ultra Milk', 8000.00, 93, 'bi-cup-straw', 1, '2026-06-13 11:16:42', '2026-07-10 06:41:37');

-- --------------------------------------------------------

--
-- Table structure for table `hari_liburs`
--

CREATE TABLE `hari_liburs` (
  `id` bigint(20) UNSIGNED NOT NULL,
  `tanggal` date NOT NULL,
  `lapangan_id` bigint(20) UNSIGNED DEFAULT NULL,
  `keterangan` varchar(255) DEFAULT NULL,
  `created_at` timestamp NULL DEFAULT NULL,
  `updated_at` timestamp NULL DEFAULT NULL
) ENGINE=InnoDB DEFAULT CHARSET=utf8mb4 COLLATE=utf8mb4_unicode_ci;

-- --------------------------------------------------------

--
-- Table structure for table `jadwal`
--

CREATE TABLE `jadwal` (
  `id` bigint(20) UNSIGNED NOT NULL,
  `lapangan_id` bigint(20) UNSIGNED NOT NULL,
  `tanggal` date NOT NULL,
  `jam_mulai` time NOT NULL,
  `jam_selesai` time NOT NULL,
  `status` enum('tersedia','dipesan','ditutup','pending') DEFAULT 'tersedia',
  `keterangan` varchar(255) DEFAULT NULL,
  `created_at` timestamp NULL DEFAULT NULL,
  `updated_at` timestamp NULL DEFAULT NULL
) ENGINE=InnoDB DEFAULT CHARSET=utf8mb4 COLLATE=utf8mb4_unicode_ci;

--
-- Dumping data for table `jadwal`
--

INSERT INTO `jadwal` (`id`, `lapangan_id`, `tanggal`, `jam_mulai`, `jam_selesai`, `status`, `keterangan`, `created_at`, `updated_at`) VALUES
(1, 1, '2026-06-11', '07:00:00', '08:00:00', 'tersedia', NULL, '2026-06-11 00:43:07', '2026-06-11 00:43:07'),
(2, 1, '2026-06-11', '08:00:00', '09:00:00', 'tersedia', NULL, '2026-06-11 00:43:07', '2026-06-11 00:43:07'),
(3, 1, '2026-06-11', '09:00:00', '10:00:00', 'tersedia', NULL, '2026-06-11 00:43:07', '2026-06-11 00:43:07'),
(4, 1, '2026-06-11', '10:00:00', '11:00:00', 'tersedia', NULL, '2026-06-11 00:43:07', '2026-06-11 00:43:07'),
(5, 1, '2026-06-11', '11:00:00', '12:00:00', 'tersedia', NULL, '2026-06-11 00:43:07', '2026-06-11 00:43:07'),
(6, 1, '2026-06-11', '12:00:00', '13:00:00', 'dipesan', NULL, '2026-06-11 00:43:07', '2026-06-11 02:14:01'),
(7, 1, '2026-06-11', '13:00:00', '14:00:00', 'tersedia', NULL, '2026-06-11 00:43:07', '2026-06-11 00:43:07'),
(8, 1, '2026-06-11', '14:00:00', '15:00:00', 'tersedia', NULL, '2026-06-11 00:43:07', '2026-06-11 00:43:07'),
(9, 1, '2026-06-11', '15:00:00', '16:00:00', 'tersedia', NULL, '2026-06-11 00:43:07', '2026-06-11 00:43:07'),
(10, 1, '2026-06-11', '16:00:00', '17:00:00', 'tersedia', NULL, '2026-06-11 00:43:07', '2026-06-11 00:43:07'),
(11, 1, '2026-06-11', '17:00:00', '18:00:00', 'tersedia', NULL, '2026-06-11 00:43:07', '2026-06-11 00:43:07'),
(12, 1, '2026-06-11', '18:00:00', '19:00:00', 'tersedia', NULL, '2026-06-11 00:43:07', '2026-06-11 00:43:07'),
(13, 1, '2026-06-11', '19:00:00', '20:00:00', 'tersedia', NULL, '2026-06-11 00:43:07', '2026-06-11 00:43:07'),
(14, 1, '2026-06-11', '20:00:00', '21:00:00', 'tersedia', NULL, '2026-06-11 00:43:07', '2026-06-11 00:43:07'),
(15, 1, '2026-06-11', '21:00:00', '22:00:00', 'tersedia', NULL, '2026-06-11 00:43:07', '2026-06-11 00:43:07'),
(16, 2, '2026-06-11', '07:00:00', '08:00:00', 'tersedia', NULL, '2026-06-11 00:43:07', '2026-06-11 00:43:07'),
(17, 2, '2026-06-11', '08:00:00', '09:00:00', 'tersedia', NULL, '2026-06-11 00:43:07', '2026-06-11 00:43:07'),
(18, 2, '2026-06-11', '09:00:00', '10:00:00', 'tersedia', NULL, '2026-06-11 00:43:07', '2026-06-11 00:43:07'),
(19, 2, '2026-06-11', '10:00:00', '11:00:00', 'tersedia', NULL, '2026-06-11 00:43:07', '2026-06-11 00:43:07'),
(20, 2, '2026-06-11', '11:00:00', '12:00:00', 'tersedia', NULL, '2026-06-11 00:43:07', '2026-06-11 00:43:07'),
(21, 2, '2026-06-11', '12:00:00', '13:00:00', 'tersedia', NULL, '2026-06-11 00:43:07', '2026-06-11 00:43:07'),
(22, 2, '2026-06-11', '13:00:00', '14:00:00', 'tersedia', NULL, '2026-06-11 00:43:07', '2026-06-11 00:43:07'),
(23, 2, '2026-06-11', '14:00:00', '15:00:00', 'tersedia', NULL, '2026-06-11 00:43:07', '2026-06-11 00:43:07'),
(24, 2, '2026-06-11', '15:00:00', '16:00:00', 'tersedia', NULL, '2026-06-11 00:43:07', '2026-06-11 00:43:07'),
(25, 2, '2026-06-11', '16:00:00', '17:00:00', 'tersedia', NULL, '2026-06-11 00:43:07', '2026-06-11 00:43:07'),
(26, 2, '2026-06-11', '17:00:00', '18:00:00', 'tersedia', NULL, '2026-06-11 00:43:07', '2026-06-11 00:43:07'),
(27, 2, '2026-06-11', '18:00:00', '19:00:00', 'tersedia', NULL, '2026-06-11 00:43:07', '2026-06-11 00:43:07'),
(28, 2, '2026-06-11', '19:00:00', '20:00:00', 'tersedia', NULL, '2026-06-11 00:43:07', '2026-06-11 00:43:07'),
(29, 2, '2026-06-11', '20:00:00', '21:00:00', 'tersedia', NULL, '2026-06-11 00:43:07', '2026-06-11 00:43:07'),
(30, 2, '2026-06-11', '21:00:00', '22:00:00', 'tersedia', NULL, '2026-06-11 00:43:07', '2026-06-11 00:43:07'),
(31, 3, '2026-06-11', '07:00:00', '08:00:00', 'tersedia', NULL, '2026-06-11 00:43:07', '2026-06-11 00:43:07'),
(32, 3, '2026-06-11', '08:00:00', '09:00:00', 'tersedia', NULL, '2026-06-11 00:43:07', '2026-06-11 00:43:07'),
(33, 3, '2026-06-11', '09:00:00', '10:00:00', 'tersedia', NULL, '2026-06-11 00:43:07', '2026-06-11 00:43:07'),
(34, 3, '2026-06-11', '10:00:00', '11:00:00', 'tersedia', NULL, '2026-06-11 00:43:07', '2026-06-11 00:43:07'),
(35, 3, '2026-06-11', '11:00:00', '12:00:00', 'tersedia', NULL, '2026-06-11 00:43:07', '2026-06-11 00:43:07'),
(36, 3, '2026-06-11', '12:00:00', '13:00:00', 'tersedia', NULL, '2026-06-11 00:43:07', '2026-06-11 00:43:07'),
(37, 3, '2026-06-11', '13:00:00', '14:00:00', 'tersedia', NULL, '2026-06-11 00:43:07', '2026-06-11 00:43:07'),
(38, 3, '2026-06-11', '14:00:00', '15:00:00', 'tersedia', NULL, '2026-06-11 00:43:07', '2026-06-11 00:43:07'),
(39, 3, '2026-06-11', '15:00:00', '16:00:00', 'tersedia', NULL, '2026-06-11 00:43:07', '2026-06-11 00:43:07'),
(40, 3, '2026-06-11', '16:00:00', '17:00:00', 'tersedia', NULL, '2026-06-11 00:43:07', '2026-06-11 00:43:07'),
(41, 3, '2026-06-11', '17:00:00', '18:00:00', 'tersedia', NULL, '2026-06-11 00:43:07', '2026-06-11 00:43:07'),
(42, 3, '2026-06-11', '18:00:00', '19:00:00', 'tersedia', NULL, '2026-06-11 00:43:07', '2026-06-11 00:43:07'),
(43, 3, '2026-06-11', '19:00:00', '20:00:00', 'tersedia', NULL, '2026-06-11 00:43:07', '2026-06-11 00:43:07'),
(44, 3, '2026-06-11', '20:00:00', '21:00:00', 'tersedia', NULL, '2026-06-11 00:43:07', '2026-06-11 00:43:07'),
(45, 3, '2026-06-11', '21:00:00', '22:00:00', 'tersedia', NULL, '2026-06-11 00:43:07', '2026-06-11 00:43:07'),
(46, 1, '2026-06-12', '07:00:00', '08:00:00', 'tersedia', NULL, '2026-06-11 00:43:07', '2026-06-11 00:43:07'),
(47, 1, '2026-06-12', '08:00:00', '09:00:00', 'tersedia', NULL, '2026-06-11 00:43:07', '2026-06-11 00:43:07'),
(48, 1, '2026-06-12', '09:00:00', '10:00:00', 'tersedia', NULL, '2026-06-11 00:43:07', '2026-06-11 00:43:07'),
(49, 1, '2026-06-12', '10:00:00', '11:00:00', 'tersedia', NULL, '2026-06-11 00:43:07', '2026-06-11 00:43:07'),
(50, 1, '2026-06-12', '11:00:00', '12:00:00', 'tersedia', NULL, '2026-06-11 00:43:07', '2026-06-11 00:43:07'),
(51, 1, '2026-06-12', '12:00:00', '13:00:00', 'tersedia', NULL, '2026-06-11 00:43:07', '2026-06-11 00:43:07'),
(52, 1, '2026-06-12', '13:00:00', '14:00:00', 'tersedia', NULL, '2026-06-11 00:43:07', '2026-06-11 00:43:07'),
(53, 1, '2026-06-12', '14:00:00', '15:00:00', 'tersedia', NULL, '2026-06-11 00:43:07', '2026-06-11 00:43:07'),
(54, 1, '2026-06-12', '15:00:00', '16:00:00', 'tersedia', NULL, '2026-06-11 00:43:07', '2026-06-11 00:43:07'),
(55, 1, '2026-06-12', '16:00:00', '17:00:00', 'tersedia', NULL, '2026-06-11 00:43:07', '2026-06-11 00:43:07'),
(56, 1, '2026-06-12', '17:00:00', '18:00:00', 'tersedia', NULL, '2026-06-11 00:43:07', '2026-06-11 00:43:07'),
(57, 1, '2026-06-12', '18:00:00', '19:00:00', 'tersedia', NULL, '2026-06-11 00:43:07', '2026-06-11 00:43:07'),
(58, 1, '2026-06-12', '19:00:00', '20:00:00', 'tersedia', NULL, '2026-06-11 00:43:07', '2026-06-11 00:43:07'),
(59, 1, '2026-06-12', '20:00:00', '21:00:00', 'tersedia', NULL, '2026-06-11 00:43:07', '2026-06-11 00:43:07'),
(60, 1, '2026-06-12', '21:00:00', '22:00:00', 'tersedia', NULL, '2026-06-11 00:43:07', '2026-06-11 00:43:07'),
(61, 2, '2026-06-12', '07:00:00', '08:00:00', 'tersedia', NULL, '2026-06-11 00:43:07', '2026-06-11 00:43:07'),
(62, 2, '2026-06-12', '08:00:00', '09:00:00', 'tersedia', NULL, '2026-06-11 00:43:07', '2026-06-11 00:43:07'),
(63, 2, '2026-06-12', '09:00:00', '10:00:00', 'tersedia', NULL, '2026-06-11 00:43:07', '2026-06-11 00:43:07'),
(64, 2, '2026-06-12', '10:00:00', '11:00:00', 'tersedia', NULL, '2026-06-11 00:43:07', '2026-06-11 00:43:07'),
(65, 2, '2026-06-12', '11:00:00', '12:00:00', 'tersedia', NULL, '2026-06-11 00:43:07', '2026-06-11 00:43:07'),
(66, 2, '2026-06-12', '12:00:00', '13:00:00', 'tersedia', NULL, '2026-06-11 00:43:07', '2026-06-11 00:43:07'),
(67, 2, '2026-06-12', '13:00:00', '14:00:00', 'tersedia', NULL, '2026-06-11 00:43:07', '2026-06-11 00:43:07'),
(68, 2, '2026-06-12', '14:00:00', '15:00:00', 'tersedia', NULL, '2026-06-11 00:43:07', '2026-06-11 00:43:07'),
(69, 2, '2026-06-12', '15:00:00', '16:00:00', 'tersedia', NULL, '2026-06-11 00:43:07', '2026-06-11 00:43:07'),
(70, 2, '2026-06-12', '16:00:00', '17:00:00', 'tersedia', NULL, '2026-06-11 00:43:07', '2026-06-11 00:43:07'),
(71, 2, '2026-06-12', '17:00:00', '18:00:00', 'tersedia', NULL, '2026-06-11 00:43:07', '2026-06-11 00:43:07'),
(72, 2, '2026-06-12', '18:00:00', '19:00:00', 'tersedia', NULL, '2026-06-11 00:43:07', '2026-06-11 00:43:07'),
(73, 2, '2026-06-12', '19:00:00', '20:00:00', 'tersedia', NULL, '2026-06-11 00:43:07', '2026-06-11 00:43:07'),
(74, 2, '2026-06-12', '20:00:00', '21:00:00', 'tersedia', NULL, '2026-06-11 00:43:07', '2026-06-11 00:43:07'),
(75, 2, '2026-06-12', '21:00:00', '22:00:00', 'tersedia', NULL, '2026-06-11 00:43:07', '2026-06-11 00:43:07'),
(76, 3, '2026-06-12', '07:00:00', '08:00:00', 'tersedia', NULL, '2026-06-11 00:43:07', '2026-06-11 00:43:07'),
(77, 3, '2026-06-12', '08:00:00', '09:00:00', 'tersedia', NULL, '2026-06-11 00:43:07', '2026-06-11 00:43:07'),
(78, 3, '2026-06-12', '09:00:00', '10:00:00', 'tersedia', NULL, '2026-06-11 00:43:07', '2026-06-11 00:43:07'),
(79, 3, '2026-06-12', '10:00:00', '11:00:00', 'tersedia', NULL, '2026-06-11 00:43:07', '2026-06-11 00:43:07'),
(80, 3, '2026-06-12', '11:00:00', '12:00:00', 'tersedia', NULL, '2026-06-11 00:43:07', '2026-06-11 00:43:07'),
(81, 3, '2026-06-12', '12:00:00', '13:00:00', 'tersedia', NULL, '2026-06-11 00:43:07', '2026-06-11 00:43:07'),
(82, 3, '2026-06-12', '13:00:00', '14:00:00', 'tersedia', NULL, '2026-06-11 00:43:07', '2026-06-11 00:43:07'),
(83, 3, '2026-06-12', '14:00:00', '15:00:00', 'tersedia', NULL, '2026-06-11 00:43:07', '2026-06-11 00:43:07'),
(84, 3, '2026-06-12', '15:00:00', '16:00:00', 'tersedia', NULL, '2026-06-11 00:43:07', '2026-06-11 00:43:07'),
(85, 3, '2026-06-12', '16:00:00', '17:00:00', 'tersedia', NULL, '2026-06-11 00:43:07', '2026-06-11 00:43:07'),
(86, 3, '2026-06-12', '17:00:00', '18:00:00', 'tersedia', NULL, '2026-06-11 00:43:07', '2026-06-11 00:43:07'),
(87, 3, '2026-06-12', '18:00:00', '19:00:00', 'tersedia', NULL, '2026-06-11 00:43:07', '2026-06-11 00:43:07'),
(88, 3, '2026-06-12', '19:00:00', '20:00:00', 'tersedia', NULL, '2026-06-11 00:43:07', '2026-06-11 00:43:07'),
(89, 3, '2026-06-12', '20:00:00', '21:00:00', 'tersedia', NULL, '2026-06-11 00:43:07', '2026-06-11 00:43:07'),
(90, 3, '2026-06-12', '21:00:00', '22:00:00', 'tersedia', NULL, '2026-06-11 00:43:07', '2026-06-11 00:43:07'),
(92, 1, '2026-06-13', '08:00:00', '09:00:00', 'tersedia', NULL, '2026-06-11 00:43:07', '2026-06-11 00:43:07'),
(93, 1, '2026-06-13', '09:00:00', '10:00:00', 'tersedia', NULL, '2026-06-11 00:43:07', '2026-06-11 00:43:07'),
(94, 1, '2026-06-13', '10:00:00', '11:00:00', 'tersedia', NULL, '2026-06-11 00:43:07', '2026-06-11 00:43:07'),
(95, 1, '2026-06-13', '11:00:00', '12:00:00', 'tersedia', NULL, '2026-06-11 00:43:07', '2026-06-11 00:43:07'),
(96, 1, '2026-06-13', '12:00:00', '13:00:00', 'tersedia', NULL, '2026-06-11 00:43:07', '2026-06-11 00:43:07'),
(97, 1, '2026-06-13', '13:00:00', '14:00:00', 'tersedia', NULL, '2026-06-11 00:43:07', '2026-06-11 00:43:07'),
(98, 1, '2026-06-13', '14:00:00', '15:00:00', 'tersedia', NULL, '2026-06-11 00:43:07', '2026-06-11 00:43:07'),
(99, 1, '2026-06-13', '15:00:00', '16:00:00', 'tersedia', NULL, '2026-06-11 00:43:07', '2026-06-11 00:43:07'),
(100, 1, '2026-06-13', '16:00:00', '17:00:00', 'tersedia', NULL, '2026-06-11 00:43:07', '2026-06-11 00:43:07'),
(101, 1, '2026-06-13', '17:00:00', '18:00:00', 'tersedia', NULL, '2026-06-11 00:43:07', '2026-06-11 00:43:07'),
(102, 1, '2026-06-13', '18:00:00', '19:00:00', 'tersedia', NULL, '2026-06-11 00:43:07', '2026-06-11 00:43:07'),
(103, 1, '2026-06-13', '19:00:00', '20:00:00', 'tersedia', NULL, '2026-06-11 00:43:07', '2026-06-11 00:43:07'),
(104, 1, '2026-06-13', '20:00:00', '21:00:00', 'tersedia', NULL, '2026-06-11 00:43:07', '2026-06-11 00:43:07'),
(105, 1, '2026-06-13', '21:00:00', '22:00:00', 'tersedia', NULL, '2026-06-11 00:43:07', '2026-06-11 00:43:07'),
(106, 2, '2026-06-13', '07:00:00', '08:00:00', 'tersedia', NULL, '2026-06-11 00:43:07', '2026-06-11 00:43:07'),
(107, 2, '2026-06-13', '08:00:00', '13:00:00', 'dipesan', NULL, '2026-06-11 00:43:07', '2026-06-12 16:04:03'),
(108, 2, '2026-06-13', '09:00:00', '10:00:00', 'tersedia', NULL, '2026-06-11 00:43:07', '2026-06-11 00:43:07'),
(109, 2, '2026-06-13', '10:00:00', '11:00:00', 'tersedia', NULL, '2026-06-11 00:43:07', '2026-06-11 00:43:07'),
(110, 2, '2026-06-13', '11:00:00', '12:00:00', 'tersedia', NULL, '2026-06-11 00:43:07', '2026-06-11 00:43:07'),
(111, 2, '2026-06-13', '12:00:00', '13:00:00', 'tersedia', NULL, '2026-06-11 00:43:07', '2026-06-11 00:43:07'),
(112, 2, '2026-06-13', '13:00:00', '14:00:00', 'tersedia', NULL, '2026-06-11 00:43:07', '2026-06-11 00:43:07'),
(113, 2, '2026-06-13', '14:00:00', '15:00:00', 'tersedia', NULL, '2026-06-11 00:43:07', '2026-06-11 00:43:07'),
(114, 2, '2026-06-13', '15:00:00', '16:00:00', 'tersedia', NULL, '2026-06-11 00:43:07', '2026-06-11 00:43:07'),
(115, 2, '2026-06-13', '16:00:00', '17:00:00', 'tersedia', NULL, '2026-06-11 00:43:07', '2026-06-11 00:43:07'),
(116, 2, '2026-06-13', '17:00:00', '18:00:00', 'tersedia', NULL, '2026-06-11 00:43:07', '2026-06-11 00:43:07'),
(117, 2, '2026-06-13', '18:00:00', '19:00:00', 'tersedia', NULL, '2026-06-11 00:43:07', '2026-06-11 00:43:07'),
(118, 2, '2026-06-13', '19:00:00', '20:00:00', 'tersedia', NULL, '2026-06-11 00:43:07', '2026-06-11 00:43:07'),
(119, 2, '2026-06-13', '20:00:00', '21:00:00', 'tersedia', NULL, '2026-06-11 00:43:07', '2026-06-11 00:43:07'),
(120, 2, '2026-06-13', '21:00:00', '22:00:00', 'tersedia', NULL, '2026-06-11 00:43:07', '2026-06-11 00:43:07'),
(121, 3, '2026-06-13', '07:00:00', '08:00:00', 'tersedia', NULL, '2026-06-11 00:43:07', '2026-06-11 00:43:07'),
(122, 3, '2026-06-13', '08:00:00', '09:00:00', 'tersedia', NULL, '2026-06-11 00:43:07', '2026-06-11 00:43:07'),
(123, 3, '2026-06-13', '09:00:00', '10:00:00', 'tersedia', NULL, '2026-06-11 00:43:07', '2026-06-11 00:43:07'),
(124, 3, '2026-06-13', '10:00:00', '11:00:00', 'tersedia', NULL, '2026-06-11 00:43:07', '2026-06-11 00:43:07'),
(125, 3, '2026-06-13', '11:00:00', '12:00:00', 'tersedia', NULL, '2026-06-11 00:43:07', '2026-06-11 00:43:07'),
(126, 3, '2026-06-13', '12:00:00', '13:00:00', 'tersedia', NULL, '2026-06-11 00:43:07', '2026-06-11 00:43:07'),
(127, 3, '2026-06-13', '13:00:00', '14:00:00', 'tersedia', NULL, '2026-06-11 00:43:07', '2026-06-11 00:43:07'),
(128, 3, '2026-06-13', '14:00:00', '15:00:00', 'tersedia', NULL, '2026-06-11 00:43:07', '2026-06-11 00:43:07'),
(129, 3, '2026-06-13', '15:00:00', '16:00:00', 'tersedia', NULL, '2026-06-11 00:43:07', '2026-06-11 00:43:07'),
(130, 3, '2026-06-13', '16:00:00', '17:00:00', 'tersedia', NULL, '2026-06-11 00:43:07', '2026-06-11 00:43:07'),
(131, 3, '2026-06-13', '17:00:00', '18:00:00', 'tersedia', NULL, '2026-06-11 00:43:07', '2026-06-11 00:43:07'),
(132, 3, '2026-06-13', '18:00:00', '19:00:00', 'tersedia', NULL, '2026-06-11 00:43:07', '2026-06-11 00:43:07'),
(133, 3, '2026-06-13', '19:00:00', '20:00:00', 'tersedia', NULL, '2026-06-11 00:43:07', '2026-06-11 00:43:07'),
(134, 3, '2026-06-13', '20:00:00', '21:00:00', 'tersedia', NULL, '2026-06-11 00:43:07', '2026-06-11 00:43:07'),
(135, 3, '2026-06-13', '21:00:00', '22:00:00', 'tersedia', NULL, '2026-06-11 00:43:07', '2026-06-11 00:43:07'),
(136, 1, '2026-06-14', '07:00:00', '08:00:00', 'tersedia', NULL, '2026-06-11 00:43:07', '2026-06-11 00:43:07'),
(141, 1, '2026-06-14', '12:00:00', '13:00:00', 'tersedia', NULL, '2026-06-11 00:43:07', '2026-06-11 00:43:07'),
(142, 1, '2026-06-14', '13:00:00', '14:00:00', 'tersedia', NULL, '2026-06-11 00:43:07', '2026-06-11 00:43:07'),
(143, 1, '2026-06-14', '14:00:00', '15:00:00', 'tersedia', NULL, '2026-06-11 00:43:07', '2026-06-11 00:43:07'),
(144, 1, '2026-06-14', '15:00:00', '16:00:00', 'tersedia', NULL, '2026-06-11 00:43:07', '2026-06-11 00:43:07'),
(145, 1, '2026-06-14', '16:00:00', '17:00:00', 'tersedia', NULL, '2026-06-11 00:43:07', '2026-06-11 00:43:07'),
(146, 1, '2026-06-14', '17:00:00', '18:00:00', 'tersedia', NULL, '2026-06-11 00:43:07', '2026-06-11 00:43:07'),
(147, 1, '2026-06-14', '18:00:00', '19:00:00', 'tersedia', NULL, '2026-06-11 00:43:07', '2026-06-11 00:43:07'),
(148, 1, '2026-06-14', '19:00:00', '20:00:00', 'tersedia', NULL, '2026-06-11 00:43:07', '2026-06-11 00:43:07'),
(149, 1, '2026-06-14', '20:00:00', '21:00:00', 'tersedia', NULL, '2026-06-11 00:43:07', '2026-06-11 00:43:07'),
(150, 1, '2026-06-14', '21:00:00', '22:00:00', 'tersedia', NULL, '2026-06-11 00:43:07', '2026-06-11 00:43:07'),
(151, 2, '2026-06-14', '07:00:00', '08:00:00', 'tersedia', NULL, '2026-06-11 00:43:07', '2026-06-11 00:43:07'),
(152, 2, '2026-06-14', '08:00:00', '09:00:00', 'tersedia', NULL, '2026-06-11 00:43:07', '2026-06-11 00:43:07'),
(153, 2, '2026-06-14', '09:00:00', '10:00:00', 'tersedia', NULL, '2026-06-11 00:43:07', '2026-06-11 00:43:07'),
(154, 2, '2026-06-14', '10:00:00', '11:00:00', 'tersedia', NULL, '2026-06-11 00:43:07', '2026-06-11 00:43:07'),
(155, 2, '2026-06-14', '11:00:00', '12:00:00', 'tersedia', NULL, '2026-06-11 00:43:07', '2026-06-11 00:43:07'),
(156, 2, '2026-06-14', '12:00:00', '13:00:00', 'tersedia', NULL, '2026-06-11 00:43:07', '2026-06-11 00:43:07'),
(157, 2, '2026-06-14', '13:00:00', '14:00:00', 'tersedia', NULL, '2026-06-11 00:43:07', '2026-06-11 00:43:07'),
(158, 2, '2026-06-14', '14:00:00', '15:00:00', 'tersedia', NULL, '2026-06-11 00:43:07', '2026-06-11 00:43:07'),
(159, 2, '2026-06-14', '15:00:00', '16:00:00', 'tersedia', NULL, '2026-06-11 00:43:07', '2026-06-11 00:43:07'),
(160, 2, '2026-06-14', '16:00:00', '17:00:00', 'tersedia', NULL, '2026-06-11 00:43:07', '2026-06-11 00:43:07'),
(161, 2, '2026-06-14', '17:00:00', '18:00:00', 'tersedia', NULL, '2026-06-11 00:43:07', '2026-06-11 00:43:07'),
(162, 2, '2026-06-14', '18:00:00', '19:00:00', 'tersedia', NULL, '2026-06-11 00:43:07', '2026-06-11 00:43:07'),
(163, 2, '2026-06-14', '19:00:00', '20:00:00', 'tersedia', NULL, '2026-06-11 00:43:07', '2026-06-11 00:43:07'),
(164, 2, '2026-06-14', '20:00:00', '21:00:00', 'tersedia', NULL, '2026-06-11 00:43:07', '2026-06-11 00:43:07'),
(165, 2, '2026-06-14', '21:00:00', '22:00:00', 'tersedia', NULL, '2026-06-11 00:43:07', '2026-06-11 00:43:07'),
(166, 3, '2026-06-14', '07:00:00', '08:00:00', 'tersedia', NULL, '2026-06-11 00:43:07', '2026-06-11 00:43:07'),
(167, 3, '2026-06-14', '08:00:00', '09:00:00', 'tersedia', NULL, '2026-06-11 00:43:07', '2026-06-11 00:43:07'),
(168, 3, '2026-06-14', '09:00:00', '10:00:00', 'tersedia', NULL, '2026-06-11 00:43:07', '2026-06-11 00:43:07'),
(169, 3, '2026-06-14', '10:00:00', '11:00:00', 'tersedia', NULL, '2026-06-11 00:43:07', '2026-06-11 00:43:07'),
(170, 3, '2026-06-14', '11:00:00', '12:00:00', 'tersedia', NULL, '2026-06-11 00:43:07', '2026-06-11 00:43:07'),
(171, 3, '2026-06-14', '12:00:00', '13:00:00', 'tersedia', NULL, '2026-06-11 00:43:07', '2026-06-11 00:43:07'),
(172, 3, '2026-06-14', '13:00:00', '14:00:00', 'tersedia', NULL, '2026-06-11 00:43:07', '2026-06-11 00:43:07'),
(173, 3, '2026-06-14', '14:00:00', '15:00:00', 'tersedia', NULL, '2026-06-11 00:43:07', '2026-06-11 00:43:07'),
(174, 3, '2026-06-14', '15:00:00', '16:00:00', 'tersedia', NULL, '2026-06-11 00:43:07', '2026-06-11 00:43:07'),
(175, 3, '2026-06-14', '16:00:00', '17:00:00', 'tersedia', NULL, '2026-06-11 00:43:07', '2026-06-11 00:43:07'),
(176, 3, '2026-06-14', '17:00:00', '18:00:00', 'tersedia', NULL, '2026-06-11 00:43:07', '2026-06-11 00:43:07'),
(177, 3, '2026-06-14', '18:00:00', '19:00:00', 'tersedia', NULL, '2026-06-11 00:43:07', '2026-06-11 00:43:07'),
(178, 3, '2026-06-14', '19:00:00', '20:00:00', 'tersedia', NULL, '2026-06-11 00:43:07', '2026-06-11 00:43:07'),
(179, 3, '2026-06-14', '20:00:00', '21:00:00', 'tersedia', NULL, '2026-06-11 00:43:07', '2026-06-11 00:43:07'),
(180, 3, '2026-06-14', '21:00:00', '22:00:00', 'tersedia', NULL, '2026-06-11 00:43:07', '2026-06-11 00:43:07'),
(182, 1, '2026-06-15', '08:00:00', '09:00:00', 'tersedia', NULL, '2026-06-11 00:43:07', '2026-06-11 00:43:07'),
(183, 1, '2026-06-15', '09:00:00', '10:00:00', 'tersedia', NULL, '2026-06-11 00:43:07', '2026-06-11 00:43:07'),
(184, 1, '2026-06-15', '10:00:00', '11:00:00', 'tersedia', NULL, '2026-06-11 00:43:07', '2026-06-11 00:43:07'),
(185, 1, '2026-06-15', '11:00:00', '12:00:00', 'tersedia', NULL, '2026-06-11 00:43:07', '2026-06-11 00:43:07'),
(186, 1, '2026-06-15', '12:00:00', '13:00:00', 'tersedia', NULL, '2026-06-11 00:43:07', '2026-06-11 00:43:07'),
(187, 1, '2026-06-15', '13:00:00', '14:00:00', 'tersedia', NULL, '2026-06-11 00:43:07', '2026-06-11 00:43:07'),
(188, 1, '2026-06-15', '14:00:00', '15:00:00', 'tersedia', NULL, '2026-06-11 00:43:07', '2026-06-11 00:43:07'),
(189, 1, '2026-06-15', '15:00:00', '16:00:00', 'tersedia', NULL, '2026-06-11 00:43:07', '2026-06-11 00:43:07'),
(190, 1, '2026-06-15', '16:00:00', '17:00:00', 'tersedia', NULL, '2026-06-11 00:43:07', '2026-06-11 00:43:07'),
(191, 1, '2026-06-15', '17:00:00', '18:00:00', 'tersedia', NULL, '2026-06-11 00:43:07', '2026-06-11 00:43:07'),
(192, 1, '2026-06-15', '18:00:00', '19:00:00', 'tersedia', NULL, '2026-06-11 00:43:07', '2026-06-11 00:43:07'),
(193, 1, '2026-06-15', '19:00:00', '20:00:00', 'tersedia', NULL, '2026-06-11 00:43:07', '2026-06-11 00:43:07'),
(194, 1, '2026-06-15', '20:00:00', '21:00:00', 'tersedia', NULL, '2026-06-11 00:43:07', '2026-06-11 00:43:07'),
(195, 1, '2026-06-15', '21:00:00', '22:00:00', 'tersedia', NULL, '2026-06-11 00:43:07', '2026-06-11 00:43:07'),
(196, 2, '2026-06-15', '07:00:00', '08:00:00', 'tersedia', NULL, '2026-06-11 00:43:07', '2026-06-11 00:43:07'),
(197, 2, '2026-06-15', '08:00:00', '09:00:00', 'tersedia', NULL, '2026-06-11 00:43:07', '2026-06-11 00:43:07'),
(198, 2, '2026-06-15', '09:00:00', '10:00:00', 'tersedia', NULL, '2026-06-11 00:43:07', '2026-06-11 00:43:07'),
(199, 2, '2026-06-15', '10:00:00', '11:00:00', 'tersedia', NULL, '2026-06-11 00:43:07', '2026-06-11 00:43:07'),
(200, 2, '2026-06-15', '11:00:00', '12:00:00', 'tersedia', NULL, '2026-06-11 00:43:07', '2026-06-11 00:43:07'),
(201, 2, '2026-06-15', '12:00:00', '13:00:00', 'tersedia', NULL, '2026-06-11 00:43:07', '2026-06-11 00:43:07'),
(202, 2, '2026-06-15', '13:00:00', '14:00:00', 'tersedia', NULL, '2026-06-11 00:43:07', '2026-06-11 00:43:07'),
(203, 2, '2026-06-15', '14:00:00', '15:00:00', 'tersedia', NULL, '2026-06-11 00:43:07', '2026-06-11 00:43:07'),
(204, 2, '2026-06-15', '15:00:00', '16:00:00', 'tersedia', NULL, '2026-06-11 00:43:07', '2026-06-11 00:43:07'),
(205, 2, '2026-06-15', '16:00:00', '17:00:00', 'tersedia', NULL, '2026-06-11 00:43:07', '2026-06-11 00:43:07'),
(206, 2, '2026-06-15', '17:00:00', '18:00:00', 'tersedia', NULL, '2026-06-11 00:43:07', '2026-06-11 00:43:07'),
(207, 2, '2026-06-15', '18:00:00', '19:00:00', 'tersedia', NULL, '2026-06-11 00:43:07', '2026-06-11 00:43:07'),
(208, 2, '2026-06-15', '19:00:00', '20:00:00', 'tersedia', NULL, '2026-06-11 00:43:07', '2026-06-11 00:43:07'),
(209, 2, '2026-06-15', '20:00:00', '21:00:00', 'tersedia', NULL, '2026-06-11 00:43:07', '2026-06-11 00:43:07'),
(210, 2, '2026-06-15', '21:00:00', '22:00:00', 'tersedia', NULL, '2026-06-11 00:43:07', '2026-06-11 00:43:07'),
(211, 3, '2026-06-15', '07:00:00', '08:00:00', 'tersedia', NULL, '2026-06-11 00:43:07', '2026-06-11 00:43:07'),
(212, 3, '2026-06-15', '08:00:00', '09:00:00', 'tersedia', NULL, '2026-06-11 00:43:07', '2026-06-11 00:43:07'),
(213, 3, '2026-06-15', '09:00:00', '10:00:00', 'tersedia', NULL, '2026-06-11 00:43:07', '2026-06-11 00:43:07'),
(214, 3, '2026-06-15', '10:00:00', '11:00:00', 'tersedia', NULL, '2026-06-11 00:43:07', '2026-06-11 00:43:07'),
(215, 3, '2026-06-15', '11:00:00', '12:00:00', 'tersedia', NULL, '2026-06-11 00:43:07', '2026-06-11 00:43:07'),
(216, 3, '2026-06-15', '12:00:00', '13:00:00', 'tersedia', NULL, '2026-06-11 00:43:07', '2026-06-11 00:43:07'),
(217, 3, '2026-06-15', '13:00:00', '14:00:00', 'tersedia', NULL, '2026-06-11 00:43:07', '2026-06-11 00:43:07'),
(218, 3, '2026-06-15', '14:00:00', '15:00:00', 'tersedia', NULL, '2026-06-11 00:43:07', '2026-06-11 00:43:07'),
(219, 3, '2026-06-15', '15:00:00', '16:00:00', 'tersedia', NULL, '2026-06-11 00:43:07', '2026-06-11 00:43:07'),
(220, 3, '2026-06-15', '16:00:00', '17:00:00', 'tersedia', NULL, '2026-06-11 00:43:07', '2026-06-11 00:43:07'),
(221, 3, '2026-06-15', '17:00:00', '18:00:00', 'tersedia', NULL, '2026-06-11 00:43:07', '2026-06-11 00:43:07'),
(222, 3, '2026-06-15', '18:00:00', '19:00:00', 'tersedia', NULL, '2026-06-11 00:43:07', '2026-06-11 00:43:07'),
(223, 3, '2026-06-15', '19:00:00', '20:00:00', 'tersedia', NULL, '2026-06-11 00:43:07', '2026-06-11 00:43:07'),
(224, 3, '2026-06-15', '20:00:00', '21:00:00', 'tersedia', NULL, '2026-06-11 00:43:07', '2026-06-11 00:43:07'),
(225, 3, '2026-06-15', '21:00:00', '22:00:00', 'tersedia', NULL, '2026-06-11 00:43:07', '2026-06-11 00:43:07'),
(226, 1, '2026-06-16', '07:00:00', '08:00:00', 'tersedia', NULL, '2026-06-11 00:43:07', '2026-06-11 00:43:07'),
(227, 1, '2026-06-16', '08:00:00', '09:00:00', 'tersedia', NULL, '2026-06-11 00:43:07', '2026-06-11 00:43:07'),
(228, 1, '2026-06-16', '09:00:00', '10:00:00', 'tersedia', NULL, '2026-06-11 00:43:07', '2026-06-11 00:43:07'),
(229, 1, '2026-06-16', '10:00:00', '11:00:00', 'tersedia', NULL, '2026-06-11 00:43:07', '2026-06-11 00:43:07'),
(230, 1, '2026-06-16', '11:00:00', '12:00:00', 'tersedia', NULL, '2026-06-11 00:43:07', '2026-06-11 00:43:07'),
(231, 1, '2026-06-16', '12:00:00', '13:00:00', 'tersedia', NULL, '2026-06-11 00:43:07', '2026-06-11 00:43:07'),
(232, 1, '2026-06-16', '13:00:00', '14:00:00', 'tersedia', NULL, '2026-06-11 00:43:07', '2026-06-11 00:43:07'),
(233, 1, '2026-06-16', '14:00:00', '15:00:00', 'tersedia', NULL, '2026-06-11 00:43:07', '2026-06-11 00:43:07'),
(234, 1, '2026-06-16', '15:00:00', '16:00:00', 'tersedia', NULL, '2026-06-11 00:43:07', '2026-06-11 00:43:07'),
(235, 1, '2026-06-16', '16:00:00', '17:00:00', 'tersedia', NULL, '2026-06-11 00:43:07', '2026-06-11 00:43:07'),
(236, 1, '2026-06-16', '17:00:00', '18:00:00', 'tersedia', NULL, '2026-06-11 00:43:07', '2026-06-11 00:43:07'),
(237, 1, '2026-06-16', '18:00:00', '19:00:00', 'tersedia', NULL, '2026-06-11 00:43:07', '2026-06-11 00:43:07'),
(238, 1, '2026-06-16', '19:00:00', '20:00:00', 'tersedia', NULL, '2026-06-11 00:43:07', '2026-06-11 00:43:07'),
(239, 1, '2026-06-16', '20:00:00', '21:00:00', 'tersedia', NULL, '2026-06-11 00:43:07', '2026-06-11 00:43:07'),
(240, 1, '2026-06-16', '21:00:00', '22:00:00', 'tersedia', NULL, '2026-06-11 00:43:07', '2026-06-11 00:43:07'),
(241, 2, '2026-06-16', '07:00:00', '08:00:00', 'tersedia', NULL, '2026-06-11 00:43:07', '2026-06-11 00:43:07'),
(242, 2, '2026-06-16', '08:00:00', '09:00:00', 'tersedia', NULL, '2026-06-11 00:43:07', '2026-06-11 00:43:07'),
(243, 2, '2026-06-16', '09:00:00', '10:00:00', 'tersedia', NULL, '2026-06-11 00:43:07', '2026-06-11 00:43:07'),
(244, 2, '2026-06-16', '10:00:00', '11:00:00', 'tersedia', NULL, '2026-06-11 00:43:07', '2026-06-11 00:43:07'),
(245, 2, '2026-06-16', '11:00:00', '12:00:00', 'tersedia', NULL, '2026-06-11 00:43:07', '2026-06-11 00:43:07'),
(246, 2, '2026-06-16', '12:00:00', '13:00:00', 'tersedia', NULL, '2026-06-11 00:43:07', '2026-06-11 00:43:07'),
(247, 2, '2026-06-16', '13:00:00', '14:00:00', 'tersedia', NULL, '2026-06-11 00:43:07', '2026-06-11 00:43:07'),
(248, 2, '2026-06-16', '14:00:00', '15:00:00', 'tersedia', NULL, '2026-06-11 00:43:07', '2026-06-11 00:43:07'),
(249, 2, '2026-06-16', '15:00:00', '16:00:00', 'tersedia', NULL, '2026-06-11 00:43:07', '2026-06-11 00:43:07'),
(250, 2, '2026-06-16', '16:00:00', '17:00:00', 'tersedia', NULL, '2026-06-11 00:43:07', '2026-06-11 00:43:07'),
(251, 2, '2026-06-16', '17:00:00', '18:00:00', 'tersedia', NULL, '2026-06-11 00:43:07', '2026-06-11 00:43:07'),
(252, 2, '2026-06-16', '18:00:00', '19:00:00', 'tersedia', NULL, '2026-06-11 00:43:07', '2026-06-11 00:43:07'),
(253, 2, '2026-06-16', '19:00:00', '20:00:00', 'tersedia', NULL, '2026-06-11 00:43:07', '2026-06-11 00:43:07'),
(254, 2, '2026-06-16', '20:00:00', '21:00:00', 'tersedia', NULL, '2026-06-11 00:43:07', '2026-06-11 00:43:07'),
(255, 2, '2026-06-16', '21:00:00', '22:00:00', 'tersedia', NULL, '2026-06-11 00:43:07', '2026-06-11 00:43:07'),
(256, 3, '2026-06-16', '07:00:00', '08:00:00', 'tersedia', NULL, '2026-06-11 00:43:07', '2026-06-11 00:43:07'),
(257, 3, '2026-06-16', '08:00:00', '09:00:00', 'tersedia', NULL, '2026-06-11 00:43:07', '2026-06-11 00:43:07'),
(258, 3, '2026-06-16', '09:00:00', '10:00:00', 'tersedia', NULL, '2026-06-11 00:43:07', '2026-06-11 00:43:07'),
(259, 3, '2026-06-16', '10:00:00', '11:00:00', 'tersedia', NULL, '2026-06-11 00:43:07', '2026-06-11 00:43:07'),
(260, 3, '2026-06-16', '11:00:00', '12:00:00', 'tersedia', NULL, '2026-06-11 00:43:07', '2026-06-11 00:43:07'),
(261, 3, '2026-06-16', '12:00:00', '13:00:00', 'tersedia', NULL, '2026-06-11 00:43:07', '2026-06-11 00:43:07'),
(262, 3, '2026-06-16', '13:00:00', '14:00:00', 'tersedia', NULL, '2026-06-11 00:43:07', '2026-06-11 00:43:07'),
(263, 3, '2026-06-16', '14:00:00', '15:00:00', 'tersedia', NULL, '2026-06-11 00:43:07', '2026-06-11 00:43:07'),
(264, 3, '2026-06-16', '15:00:00', '16:00:00', 'tersedia', NULL, '2026-06-11 00:43:07', '2026-06-11 00:43:07'),
(265, 3, '2026-06-16', '16:00:00', '17:00:00', 'tersedia', NULL, '2026-06-11 00:43:07', '2026-06-11 00:43:07'),
(266, 3, '2026-06-16', '17:00:00', '18:00:00', 'tersedia', NULL, '2026-06-11 00:43:07', '2026-06-11 00:43:07'),
(267, 3, '2026-06-16', '18:00:00', '19:00:00', 'tersedia', NULL, '2026-06-11 00:43:07', '2026-06-11 00:43:07'),
(268, 3, '2026-06-16', '19:00:00', '20:00:00', 'tersedia', NULL, '2026-06-11 00:43:07', '2026-06-11 00:43:07'),
(269, 3, '2026-06-16', '20:00:00', '21:00:00', 'tersedia', NULL, '2026-06-11 00:43:07', '2026-06-11 00:43:07'),
(270, 3, '2026-06-16', '21:00:00', '22:00:00', 'tersedia', NULL, '2026-06-11 00:43:07', '2026-06-11 00:43:07'),
(271, 1, '2026-06-17', '07:00:00', '08:00:00', 'tersedia', NULL, '2026-06-11 00:43:07', '2026-06-11 00:43:07'),
(272, 1, '2026-06-17', '08:00:00', '09:00:00', 'tersedia', NULL, '2026-06-11 00:43:07', '2026-06-11 00:43:07'),
(273, 1, '2026-06-17', '09:00:00', '10:00:00', 'tersedia', NULL, '2026-06-11 00:43:07', '2026-06-11 00:43:07'),
(274, 1, '2026-06-17', '10:00:00', '11:00:00', 'tersedia', NULL, '2026-06-11 00:43:07', '2026-06-11 00:43:07'),
(275, 1, '2026-06-17', '11:00:00', '12:00:00', 'tersedia', NULL, '2026-06-11 00:43:07', '2026-06-11 00:43:07'),
(276, 1, '2026-06-17', '12:00:00', '13:00:00', 'tersedia', NULL, '2026-06-11 00:43:07', '2026-06-11 00:43:07'),
(277, 1, '2026-06-17', '13:00:00', '14:00:00', 'tersedia', NULL, '2026-06-11 00:43:07', '2026-06-11 00:43:07'),
(278, 1, '2026-06-17', '14:00:00', '15:00:00', 'tersedia', NULL, '2026-06-11 00:43:07', '2026-06-11 00:43:07'),
(279, 1, '2026-06-17', '15:00:00', '16:00:00', 'tersedia', NULL, '2026-06-11 00:43:07', '2026-06-11 00:43:07'),
(280, 1, '2026-06-17', '16:00:00', '17:00:00', 'tersedia', NULL, '2026-06-11 00:43:07', '2026-06-11 00:43:07'),
(281, 1, '2026-06-17', '17:00:00', '18:00:00', 'tersedia', NULL, '2026-06-11 00:43:07', '2026-06-11 00:43:07'),
(282, 1, '2026-06-17', '18:00:00', '19:00:00', 'tersedia', NULL, '2026-06-11 00:43:07', '2026-06-11 00:43:07'),
(283, 1, '2026-06-17', '19:00:00', '20:00:00', 'tersedia', NULL, '2026-06-11 00:43:07', '2026-06-11 00:43:07'),
(284, 1, '2026-06-17', '20:00:00', '21:00:00', 'tersedia', NULL, '2026-06-11 00:43:07', '2026-06-11 00:43:07'),
(285, 1, '2026-06-17', '21:00:00', '22:00:00', 'tersedia', NULL, '2026-06-11 00:43:07', '2026-06-11 00:43:07'),
(286, 2, '2026-06-17', '07:00:00', '08:00:00', 'tersedia', NULL, '2026-06-11 00:43:07', '2026-06-11 00:43:07'),
(287, 2, '2026-06-17', '08:00:00', '09:00:00', 'tersedia', NULL, '2026-06-11 00:43:07', '2026-06-11 00:43:07'),
(288, 2, '2026-06-17', '09:00:00', '10:00:00', 'tersedia', NULL, '2026-06-11 00:43:07', '2026-06-11 00:43:07'),
(289, 2, '2026-06-17', '10:00:00', '11:00:00', 'tersedia', NULL, '2026-06-11 00:43:07', '2026-06-11 00:43:07'),
(290, 2, '2026-06-17', '11:00:00', '12:00:00', 'tersedia', NULL, '2026-06-11 00:43:07', '2026-06-11 00:43:07'),
(291, 2, '2026-06-17', '12:00:00', '13:00:00', 'tersedia', NULL, '2026-06-11 00:43:07', '2026-06-11 00:43:07'),
(292, 2, '2026-06-17', '13:00:00', '14:00:00', 'tersedia', NULL, '2026-06-11 00:43:07', '2026-06-11 00:43:07'),
(293, 2, '2026-06-17', '14:00:00', '15:00:00', 'tersedia', NULL, '2026-06-11 00:43:07', '2026-06-11 00:43:07'),
(294, 2, '2026-06-17', '15:00:00', '16:00:00', 'tersedia', NULL, '2026-06-11 00:43:07', '2026-06-11 00:43:07'),
(295, 2, '2026-06-17', '16:00:00', '17:00:00', 'tersedia', NULL, '2026-06-11 00:43:07', '2026-06-11 00:43:07'),
(296, 2, '2026-06-17', '17:00:00', '18:00:00', 'tersedia', NULL, '2026-06-11 00:43:07', '2026-06-11 00:43:07'),
(297, 2, '2026-06-17', '18:00:00', '19:00:00', 'tersedia', NULL, '2026-06-11 00:43:07', '2026-06-11 00:43:07'),
(298, 2, '2026-06-17', '19:00:00', '20:00:00', 'tersedia', NULL, '2026-06-11 00:43:07', '2026-06-11 00:43:07'),
(299, 2, '2026-06-17', '20:00:00', '21:00:00', 'tersedia', NULL, '2026-06-11 00:43:07', '2026-06-11 00:43:07'),
(300, 2, '2026-06-17', '21:00:00', '22:00:00', 'tersedia', NULL, '2026-06-11 00:43:07', '2026-06-11 00:43:07'),
(301, 3, '2026-06-17', '07:00:00', '08:00:00', 'tersedia', NULL, '2026-06-11 00:43:07', '2026-06-11 00:43:07'),
(302, 3, '2026-06-17', '08:00:00', '09:00:00', 'tersedia', NULL, '2026-06-11 00:43:07', '2026-06-11 00:43:07'),
(303, 3, '2026-06-17', '09:00:00', '10:00:00', 'tersedia', NULL, '2026-06-11 00:43:07', '2026-06-11 00:43:07'),
(304, 3, '2026-06-17', '10:00:00', '11:00:00', 'tersedia', NULL, '2026-06-11 00:43:07', '2026-06-11 00:43:07'),
(305, 3, '2026-06-17', '11:00:00', '12:00:00', 'tersedia', NULL, '2026-06-11 00:43:07', '2026-06-11 00:43:07'),
(306, 3, '2026-06-17', '12:00:00', '13:00:00', 'tersedia', NULL, '2026-06-11 00:43:07', '2026-06-11 00:43:07'),
(307, 3, '2026-06-17', '13:00:00', '14:00:00', 'tersedia', NULL, '2026-06-11 00:43:07', '2026-06-11 00:43:07'),
(308, 3, '2026-06-17', '14:00:00', '15:00:00', 'tersedia', NULL, '2026-06-11 00:43:07', '2026-06-11 00:43:07'),
(309, 3, '2026-06-17', '15:00:00', '16:00:00', 'tersedia', NULL, '2026-06-11 00:43:07', '2026-06-11 00:43:07'),
(310, 3, '2026-06-17', '16:00:00', '17:00:00', 'tersedia', NULL, '2026-06-11 00:43:07', '2026-06-11 00:43:07'),
(311, 3, '2026-06-17', '17:00:00', '18:00:00', 'tersedia', NULL, '2026-06-11 00:43:07', '2026-06-11 00:43:07'),
(312, 3, '2026-06-17', '18:00:00', '19:00:00', 'tersedia', NULL, '2026-06-11 00:43:07', '2026-06-11 00:43:07'),
(313, 3, '2026-06-17', '19:00:00', '20:00:00', 'tersedia', NULL, '2026-06-11 00:43:07', '2026-06-11 00:43:07'),
(314, 3, '2026-06-17', '20:00:00', '21:00:00', 'tersedia', NULL, '2026-06-11 00:43:07', '2026-06-11 00:43:07'),
(315, 3, '2026-06-17', '21:00:00', '22:00:00', 'tersedia', NULL, '2026-06-11 00:43:07', '2026-06-11 00:43:07'),
(316, 1, '2026-06-18', '07:00:00', '08:00:00', 'tersedia', NULL, '2026-06-11 00:43:07', '2026-06-11 00:43:07'),
(317, 1, '2026-06-18', '08:00:00', '09:00:00', 'tersedia', NULL, '2026-06-11 00:43:07', '2026-06-11 00:43:07'),
(318, 1, '2026-06-18', '09:00:00', '10:00:00', 'tersedia', NULL, '2026-06-11 00:43:07', '2026-06-11 00:43:07'),
(319, 1, '2026-06-18', '10:00:00', '11:00:00', 'tersedia', NULL, '2026-06-11 00:43:07', '2026-06-11 00:43:07'),
(320, 1, '2026-06-18', '11:00:00', '12:00:00', 'tersedia', NULL, '2026-06-11 00:43:07', '2026-06-11 00:43:07'),
(321, 1, '2026-06-18', '12:00:00', '13:00:00', 'tersedia', NULL, '2026-06-11 00:43:07', '2026-06-11 00:43:07'),
(322, 1, '2026-06-18', '13:00:00', '14:00:00', 'tersedia', NULL, '2026-06-11 00:43:07', '2026-06-11 00:43:07'),
(323, 1, '2026-06-18', '14:00:00', '15:00:00', 'tersedia', NULL, '2026-06-11 00:43:07', '2026-06-11 00:43:07'),
(324, 1, '2026-06-18', '15:00:00', '16:00:00', 'tersedia', NULL, '2026-06-11 00:43:07', '2026-06-11 00:43:07'),
(325, 1, '2026-06-18', '16:00:00', '17:00:00', 'tersedia', NULL, '2026-06-11 00:43:07', '2026-06-11 00:43:07'),
(326, 1, '2026-06-18', '17:00:00', '18:00:00', 'tersedia', NULL, '2026-06-11 00:43:07', '2026-06-11 00:43:07'),
(327, 1, '2026-06-18', '18:00:00', '19:00:00', 'tersedia', NULL, '2026-06-11 00:43:07', '2026-06-11 00:43:07'),
(328, 1, '2026-06-18', '19:00:00', '20:00:00', 'tersedia', NULL, '2026-06-11 00:43:07', '2026-06-11 00:43:07'),
(329, 1, '2026-06-18', '20:00:00', '21:00:00', 'tersedia', NULL, '2026-06-11 00:43:07', '2026-06-11 00:43:07'),
(330, 1, '2026-06-18', '21:00:00', '22:00:00', 'tersedia', NULL, '2026-06-11 00:43:07', '2026-06-11 00:43:07'),
(331, 2, '2026-06-18', '07:00:00', '08:00:00', 'tersedia', NULL, '2026-06-11 00:43:07', '2026-06-11 00:43:07'),
(332, 2, '2026-06-18', '08:00:00', '09:00:00', 'tersedia', NULL, '2026-06-11 00:43:07', '2026-06-11 00:43:07'),
(333, 2, '2026-06-18', '09:00:00', '10:00:00', 'tersedia', NULL, '2026-06-11 00:43:07', '2026-06-11 00:43:07'),
(334, 2, '2026-06-18', '10:00:00', '11:00:00', 'tersedia', NULL, '2026-06-11 00:43:07', '2026-06-11 00:43:07'),
(335, 2, '2026-06-18', '11:00:00', '12:00:00', 'tersedia', NULL, '2026-06-11 00:43:07', '2026-06-11 00:43:07'),
(336, 2, '2026-06-18', '12:00:00', '13:00:00', 'tersedia', NULL, '2026-06-11 00:43:07', '2026-06-11 00:43:07'),
(337, 2, '2026-06-18', '13:00:00', '14:00:00', 'tersedia', NULL, '2026-06-11 00:43:07', '2026-06-11 00:43:07'),
(338, 2, '2026-06-18', '14:00:00', '15:00:00', 'tersedia', NULL, '2026-06-11 00:43:07', '2026-06-11 00:43:07'),
(339, 2, '2026-06-18', '15:00:00', '16:00:00', 'tersedia', NULL, '2026-06-11 00:43:07', '2026-06-11 00:43:07'),
(340, 2, '2026-06-18', '16:00:00', '17:00:00', 'tersedia', NULL, '2026-06-11 00:43:07', '2026-06-11 00:43:07'),
(341, 2, '2026-06-18', '17:00:00', '18:00:00', 'tersedia', NULL, '2026-06-11 00:43:08', '2026-06-11 00:43:08'),
(342, 2, '2026-06-18', '18:00:00', '19:00:00', 'tersedia', NULL, '2026-06-11 00:43:08', '2026-06-11 00:43:08'),
(343, 2, '2026-06-18', '19:00:00', '20:00:00', 'tersedia', NULL, '2026-06-11 00:43:08', '2026-06-11 00:43:08'),
(344, 2, '2026-06-18', '20:00:00', '21:00:00', 'tersedia', NULL, '2026-06-11 00:43:08', '2026-06-11 00:43:08'),
(345, 2, '2026-06-18', '21:00:00', '22:00:00', 'tersedia', NULL, '2026-06-11 00:43:08', '2026-06-11 00:43:08'),
(346, 3, '2026-06-18', '07:00:00', '08:00:00', 'tersedia', NULL, '2026-06-11 00:43:08', '2026-06-11 00:43:08'),
(347, 3, '2026-06-18', '08:00:00', '09:00:00', 'tersedia', NULL, '2026-06-11 00:43:08', '2026-06-11 00:43:08'),
(348, 3, '2026-06-18', '09:00:00', '10:00:00', 'tersedia', NULL, '2026-06-11 00:43:08', '2026-06-11 00:43:08'),
(349, 3, '2026-06-18', '10:00:00', '11:00:00', 'tersedia', NULL, '2026-06-11 00:43:08', '2026-06-11 00:43:08'),
(350, 3, '2026-06-18', '11:00:00', '12:00:00', 'tersedia', NULL, '2026-06-11 00:43:08', '2026-06-11 00:43:08'),
(351, 3, '2026-06-18', '12:00:00', '13:00:00', 'tersedia', NULL, '2026-06-11 00:43:08', '2026-06-11 00:43:08'),
(352, 3, '2026-06-18', '13:00:00', '14:00:00', 'tersedia', NULL, '2026-06-11 00:43:08', '2026-06-11 00:43:08'),
(353, 3, '2026-06-18', '14:00:00', '15:00:00', 'tersedia', NULL, '2026-06-11 00:43:08', '2026-06-11 00:43:08'),
(354, 3, '2026-06-18', '15:00:00', '16:00:00', 'tersedia', NULL, '2026-06-11 00:43:08', '2026-06-11 00:43:08'),
(355, 3, '2026-06-18', '16:00:00', '17:00:00', 'tersedia', NULL, '2026-06-11 00:43:08', '2026-06-11 00:43:08'),
(356, 3, '2026-06-18', '17:00:00', '18:00:00', 'tersedia', NULL, '2026-06-11 00:43:08', '2026-06-11 00:43:08'),
(357, 3, '2026-06-18', '18:00:00', '19:00:00', 'tersedia', NULL, '2026-06-11 00:43:08', '2026-06-11 00:43:08'),
(358, 3, '2026-06-18', '19:00:00', '20:00:00', 'tersedia', NULL, '2026-06-11 00:43:08', '2026-06-11 00:43:08'),
(359, 3, '2026-06-18', '20:00:00', '21:00:00', 'tersedia', NULL, '2026-06-11 00:43:08', '2026-06-11 00:43:08'),
(360, 3, '2026-06-18', '21:00:00', '22:00:00', 'tersedia', NULL, '2026-06-11 00:43:08', '2026-06-11 00:43:08'),
(361, 1, '2026-06-19', '07:00:00', '08:00:00', 'tersedia', NULL, '2026-06-11 00:43:08', '2026-06-11 00:43:08'),
(362, 1, '2026-06-19', '08:00:00', '09:00:00', 'tersedia', NULL, '2026-06-11 00:43:08', '2026-06-11 00:43:08'),
(363, 1, '2026-06-19', '09:00:00', '10:00:00', 'tersedia', NULL, '2026-06-11 00:43:08', '2026-06-11 00:43:08'),
(364, 1, '2026-06-19', '10:00:00', '11:00:00', 'tersedia', NULL, '2026-06-11 00:43:08', '2026-06-11 00:43:08'),
(365, 1, '2026-06-19', '11:00:00', '12:00:00', 'tersedia', NULL, '2026-06-11 00:43:08', '2026-06-11 00:43:08'),
(366, 1, '2026-06-19', '12:00:00', '13:00:00', 'tersedia', NULL, '2026-06-11 00:43:08', '2026-06-11 00:43:08'),
(367, 1, '2026-06-19', '13:00:00', '14:00:00', 'tersedia', NULL, '2026-06-11 00:43:08', '2026-06-11 00:43:08'),
(368, 1, '2026-06-19', '14:00:00', '15:00:00', 'tersedia', NULL, '2026-06-11 00:43:08', '2026-06-11 00:43:08'),
(369, 1, '2026-06-19', '15:00:00', '16:00:00', 'tersedia', NULL, '2026-06-11 00:43:08', '2026-06-11 00:43:08'),
(370, 1, '2026-06-19', '16:00:00', '17:00:00', 'tersedia', NULL, '2026-06-11 00:43:08', '2026-06-11 00:43:08'),
(371, 1, '2026-06-19', '17:00:00', '18:00:00', 'tersedia', NULL, '2026-06-11 00:43:08', '2026-06-11 00:43:08'),
(372, 1, '2026-06-19', '18:00:00', '19:00:00', 'tersedia', NULL, '2026-06-11 00:43:08', '2026-06-11 00:43:08'),
(373, 1, '2026-06-19', '19:00:00', '20:00:00', 'tersedia', NULL, '2026-06-11 00:43:08', '2026-06-11 00:43:08'),
(374, 1, '2026-06-19', '20:00:00', '21:00:00', 'tersedia', NULL, '2026-06-11 00:43:08', '2026-06-11 00:43:08'),
(375, 1, '2026-06-19', '21:00:00', '22:00:00', 'tersedia', NULL, '2026-06-11 00:43:08', '2026-06-11 00:43:08'),
(376, 2, '2026-06-19', '07:00:00', '08:00:00', 'tersedia', NULL, '2026-06-11 00:43:08', '2026-06-11 00:43:08'),
(377, 2, '2026-06-19', '08:00:00', '09:00:00', 'tersedia', NULL, '2026-06-11 00:43:08', '2026-06-11 00:43:08'),
(378, 2, '2026-06-19', '09:00:00', '10:00:00', 'tersedia', NULL, '2026-06-11 00:43:08', '2026-06-11 00:43:08'),
(379, 2, '2026-06-19', '10:00:00', '11:00:00', 'tersedia', NULL, '2026-06-11 00:43:08', '2026-06-11 00:43:08'),
(380, 2, '2026-06-19', '11:00:00', '12:00:00', 'tersedia', NULL, '2026-06-11 00:43:08', '2026-06-11 00:43:08'),
(381, 2, '2026-06-19', '12:00:00', '13:00:00', 'tersedia', NULL, '2026-06-11 00:43:08', '2026-06-11 00:43:08'),
(382, 2, '2026-06-19', '13:00:00', '14:00:00', 'tersedia', NULL, '2026-06-11 00:43:08', '2026-06-11 00:43:08'),
(383, 2, '2026-06-19', '14:00:00', '15:00:00', 'tersedia', NULL, '2026-06-11 00:43:08', '2026-06-11 00:43:08'),
(384, 2, '2026-06-19', '15:00:00', '16:00:00', 'tersedia', NULL, '2026-06-11 00:43:08', '2026-06-11 00:43:08'),
(385, 2, '2026-06-19', '16:00:00', '17:00:00', 'tersedia', NULL, '2026-06-11 00:43:08', '2026-06-11 00:43:08'),
(386, 2, '2026-06-19', '17:00:00', '18:00:00', 'tersedia', NULL, '2026-06-11 00:43:08', '2026-06-11 00:43:08'),
(387, 2, '2026-06-19', '18:00:00', '19:00:00', 'tersedia', NULL, '2026-06-11 00:43:08', '2026-06-11 00:43:08'),
(388, 2, '2026-06-19', '19:00:00', '20:00:00', 'tersedia', NULL, '2026-06-11 00:43:08', '2026-06-11 00:43:08'),
(389, 2, '2026-06-19', '20:00:00', '21:00:00', 'tersedia', NULL, '2026-06-11 00:43:08', '2026-06-11 00:43:08'),
(390, 2, '2026-06-19', '21:00:00', '22:00:00', 'tersedia', NULL, '2026-06-11 00:43:08', '2026-06-11 00:43:08'),
(391, 3, '2026-06-19', '07:00:00', '08:00:00', 'tersedia', NULL, '2026-06-11 00:43:08', '2026-06-11 00:43:08'),
(392, 3, '2026-06-19', '08:00:00', '09:00:00', 'tersedia', NULL, '2026-06-11 00:43:08', '2026-06-11 00:43:08'),
(393, 3, '2026-06-19', '09:00:00', '10:00:00', 'tersedia', NULL, '2026-06-11 00:43:08', '2026-06-11 00:43:08'),
(394, 3, '2026-06-19', '10:00:00', '11:00:00', 'tersedia', NULL, '2026-06-11 00:43:08', '2026-06-11 00:43:08'),
(395, 3, '2026-06-19', '11:00:00', '12:00:00', 'tersedia', NULL, '2026-06-11 00:43:08', '2026-06-11 00:43:08'),
(396, 3, '2026-06-19', '12:00:00', '13:00:00', 'tersedia', NULL, '2026-06-11 00:43:08', '2026-06-11 00:43:08'),
(397, 3, '2026-06-19', '13:00:00', '14:00:00', 'tersedia', NULL, '2026-06-11 00:43:08', '2026-06-11 00:43:08'),
(398, 3, '2026-06-19', '14:00:00', '15:00:00', 'tersedia', NULL, '2026-06-11 00:43:08', '2026-06-11 00:43:08'),
(399, 3, '2026-06-19', '15:00:00', '16:00:00', 'tersedia', NULL, '2026-06-11 00:43:08', '2026-06-11 00:43:08'),
(400, 3, '2026-06-19', '16:00:00', '17:00:00', 'tersedia', NULL, '2026-06-11 00:43:08', '2026-06-11 00:43:08'),
(401, 3, '2026-06-19', '17:00:00', '18:00:00', 'tersedia', NULL, '2026-06-11 00:43:08', '2026-06-11 00:43:08'),
(402, 3, '2026-06-19', '18:00:00', '19:00:00', 'tersedia', NULL, '2026-06-11 00:43:08', '2026-06-11 00:43:08'),
(403, 3, '2026-06-19', '19:00:00', '20:00:00', 'tersedia', NULL, '2026-06-11 00:43:08', '2026-06-11 00:43:08'),
(404, 3, '2026-06-19', '20:00:00', '21:00:00', 'tersedia', NULL, '2026-06-11 00:43:08', '2026-06-11 00:43:08'),
(405, 3, '2026-06-19', '21:00:00', '22:00:00', 'tersedia', NULL, '2026-06-11 00:43:08', '2026-06-11 00:43:08'),
(406, 1, '2026-06-20', '07:00:00', '08:00:00', 'tersedia', NULL, '2026-06-11 00:43:08', '2026-06-11 00:43:08'),
(407, 1, '2026-06-20', '08:00:00', '09:00:00', 'tersedia', NULL, '2026-06-11 00:43:08', '2026-06-11 00:43:08'),
(408, 1, '2026-06-20', '09:00:00', '10:00:00', 'tersedia', NULL, '2026-06-11 00:43:08', '2026-06-11 00:43:08'),
(409, 1, '2026-06-20', '10:00:00', '11:00:00', 'tersedia', NULL, '2026-06-11 00:43:08', '2026-06-11 00:43:08'),
(410, 1, '2026-06-20', '11:00:00', '12:00:00', 'tersedia', NULL, '2026-06-11 00:43:08', '2026-06-11 00:43:08'),
(411, 1, '2026-06-20', '12:00:00', '13:00:00', 'tersedia', NULL, '2026-06-11 00:43:08', '2026-06-11 00:43:08'),
(412, 1, '2026-06-20', '13:00:00', '14:00:00', 'tersedia', NULL, '2026-06-11 00:43:08', '2026-06-11 00:43:08'),
(413, 1, '2026-06-20', '14:00:00', '15:00:00', 'tersedia', NULL, '2026-06-11 00:43:08', '2026-06-11 00:43:08'),
(414, 1, '2026-06-20', '15:00:00', '16:00:00', 'tersedia', NULL, '2026-06-11 00:43:08', '2026-06-11 00:43:08'),
(415, 1, '2026-06-20', '16:00:00', '17:00:00', 'tersedia', NULL, '2026-06-11 00:43:08', '2026-06-11 00:43:08'),
(416, 1, '2026-06-20', '17:00:00', '18:00:00', 'tersedia', NULL, '2026-06-11 00:43:08', '2026-06-11 00:43:08'),
(417, 1, '2026-06-20', '18:00:00', '19:00:00', 'tersedia', NULL, '2026-06-11 00:43:08', '2026-06-11 00:43:08'),
(418, 1, '2026-06-20', '19:00:00', '20:00:00', 'tersedia', NULL, '2026-06-11 00:43:08', '2026-06-11 00:43:08'),
(419, 1, '2026-06-20', '20:00:00', '21:00:00', 'tersedia', NULL, '2026-06-11 00:43:08', '2026-06-11 00:43:08'),
(420, 1, '2026-06-20', '21:00:00', '22:00:00', 'tersedia', NULL, '2026-06-11 00:43:08', '2026-06-11 00:43:08'),
(421, 2, '2026-06-20', '07:00:00', '08:00:00', 'tersedia', NULL, '2026-06-11 00:43:08', '2026-06-11 00:43:08'),
(422, 2, '2026-06-20', '08:00:00', '09:00:00', 'tersedia', NULL, '2026-06-11 00:43:08', '2026-06-11 00:43:08'),
(423, 2, '2026-06-20', '09:00:00', '10:00:00', 'tersedia', NULL, '2026-06-11 00:43:08', '2026-06-11 00:43:08'),
(424, 2, '2026-06-20', '10:00:00', '11:00:00', 'tersedia', NULL, '2026-06-11 00:43:08', '2026-06-11 00:43:08'),
(425, 2, '2026-06-20', '11:00:00', '12:00:00', 'tersedia', NULL, '2026-06-11 00:43:08', '2026-06-11 00:43:08'),
(426, 2, '2026-06-20', '12:00:00', '13:00:00', 'tersedia', NULL, '2026-06-11 00:43:08', '2026-06-11 00:43:08'),
(427, 2, '2026-06-20', '13:00:00', '14:00:00', 'tersedia', NULL, '2026-06-11 00:43:08', '2026-06-11 00:43:08'),
(428, 2, '2026-06-20', '14:00:00', '15:00:00', 'tersedia', NULL, '2026-06-11 00:43:08', '2026-06-11 00:43:08'),
(429, 2, '2026-06-20', '15:00:00', '16:00:00', 'tersedia', NULL, '2026-06-11 00:43:08', '2026-06-11 00:43:08'),
(430, 2, '2026-06-20', '16:00:00', '17:00:00', 'tersedia', NULL, '2026-06-11 00:43:08', '2026-06-11 00:43:08'),
(431, 2, '2026-06-20', '17:00:00', '18:00:00', 'tersedia', NULL, '2026-06-11 00:43:08', '2026-06-11 00:43:08'),
(432, 2, '2026-06-20', '18:00:00', '19:00:00', 'tersedia', NULL, '2026-06-11 00:43:08', '2026-06-11 00:43:08'),
(433, 2, '2026-06-20', '19:00:00', '20:00:00', 'tersedia', NULL, '2026-06-11 00:43:08', '2026-06-11 00:43:08'),
(434, 2, '2026-06-20', '20:00:00', '21:00:00', 'tersedia', NULL, '2026-06-11 00:43:08', '2026-06-11 00:43:08'),
(435, 2, '2026-06-20', '21:00:00', '22:00:00', 'tersedia', NULL, '2026-06-11 00:43:08', '2026-06-11 00:43:08'),
(436, 3, '2026-06-20', '07:00:00', '08:00:00', 'tersedia', NULL, '2026-06-11 00:43:08', '2026-06-11 00:43:08'),
(437, 3, '2026-06-20', '08:00:00', '09:00:00', 'tersedia', NULL, '2026-06-11 00:43:08', '2026-06-11 00:43:08'),
(438, 3, '2026-06-20', '09:00:00', '10:00:00', 'tersedia', NULL, '2026-06-11 00:43:08', '2026-06-11 00:43:08'),
(439, 3, '2026-06-20', '10:00:00', '11:00:00', 'tersedia', NULL, '2026-06-11 00:43:08', '2026-06-11 00:43:08'),
(440, 3, '2026-06-20', '11:00:00', '12:00:00', 'tersedia', NULL, '2026-06-11 00:43:08', '2026-06-11 00:43:08'),
(441, 3, '2026-06-20', '12:00:00', '13:00:00', 'tersedia', NULL, '2026-06-11 00:43:08', '2026-06-11 00:43:08'),
(442, 3, '2026-06-20', '13:00:00', '14:00:00', 'tersedia', NULL, '2026-06-11 00:43:08', '2026-06-11 00:43:08'),
(443, 3, '2026-06-20', '14:00:00', '15:00:00', 'tersedia', NULL, '2026-06-11 00:43:08', '2026-06-11 00:43:08'),
(444, 3, '2026-06-20', '15:00:00', '16:00:00', 'tersedia', NULL, '2026-06-11 00:43:08', '2026-06-11 00:43:08'),
(445, 3, '2026-06-20', '16:00:00', '17:00:00', 'tersedia', NULL, '2026-06-11 00:43:08', '2026-06-11 00:43:08'),
(446, 3, '2026-06-20', '17:00:00', '18:00:00', 'tersedia', NULL, '2026-06-11 00:43:08', '2026-06-11 00:43:08'),
(447, 3, '2026-06-20', '18:00:00', '19:00:00', 'tersedia', NULL, '2026-06-11 00:43:08', '2026-06-11 00:43:08'),
(448, 3, '2026-06-20', '19:00:00', '20:00:00', 'tersedia', NULL, '2026-06-11 00:43:08', '2026-06-11 00:43:08'),
(449, 3, '2026-06-20', '20:00:00', '21:00:00', 'tersedia', NULL, '2026-06-11 00:43:08', '2026-06-11 00:43:08'),
(450, 3, '2026-06-20', '21:00:00', '22:00:00', 'tersedia', NULL, '2026-06-11 00:43:08', '2026-06-11 00:43:08'),
(451, 1, '2026-06-21', '07:00:00', '08:00:00', 'tersedia', NULL, '2026-06-11 00:43:08', '2026-06-11 00:43:08'),
(452, 1, '2026-06-21', '08:00:00', '09:00:00', 'tersedia', NULL, '2026-06-11 00:43:08', '2026-06-11 00:43:08'),
(453, 1, '2026-06-21', '09:00:00', '10:00:00', 'tersedia', NULL, '2026-06-11 00:43:08', '2026-06-11 00:43:08'),
(454, 1, '2026-06-21', '10:00:00', '11:00:00', 'tersedia', NULL, '2026-06-11 00:43:08', '2026-06-11 00:43:08'),
(455, 1, '2026-06-21', '11:00:00', '12:00:00', 'tersedia', NULL, '2026-06-11 00:43:08', '2026-06-11 00:43:08'),
(456, 1, '2026-06-21', '12:00:00', '13:00:00', 'tersedia', NULL, '2026-06-11 00:43:08', '2026-06-11 00:43:08'),
(457, 1, '2026-06-21', '13:00:00', '14:00:00', 'tersedia', NULL, '2026-06-11 00:43:08', '2026-06-11 00:43:08'),
(458, 1, '2026-06-21', '14:00:00', '15:00:00', 'tersedia', NULL, '2026-06-11 00:43:08', '2026-06-11 00:43:08'),
(459, 1, '2026-06-21', '15:00:00', '16:00:00', 'tersedia', NULL, '2026-06-11 00:43:08', '2026-06-11 00:43:08'),
(460, 1, '2026-06-21', '16:00:00', '17:00:00', 'tersedia', NULL, '2026-06-11 00:43:08', '2026-06-11 00:43:08');
INSERT INTO `jadwal` (`id`, `lapangan_id`, `tanggal`, `jam_mulai`, `jam_selesai`, `status`, `keterangan`, `created_at`, `updated_at`) VALUES
(461, 1, '2026-06-21', '17:00:00', '18:00:00', 'tersedia', NULL, '2026-06-11 00:43:08', '2026-06-11 00:43:08'),
(462, 1, '2026-06-21', '18:00:00', '19:00:00', 'tersedia', NULL, '2026-06-11 00:43:08', '2026-06-11 00:43:08'),
(463, 1, '2026-06-21', '19:00:00', '20:00:00', 'tersedia', NULL, '2026-06-11 00:43:08', '2026-06-11 00:43:08'),
(464, 1, '2026-06-21', '20:00:00', '21:00:00', 'tersedia', NULL, '2026-06-11 00:43:08', '2026-06-11 00:43:08'),
(465, 1, '2026-06-21', '21:00:00', '22:00:00', 'tersedia', NULL, '2026-06-11 00:43:08', '2026-06-11 00:43:08'),
(466, 2, '2026-06-21', '07:00:00', '08:00:00', 'tersedia', NULL, '2026-06-11 00:43:08', '2026-06-11 00:43:08'),
(467, 2, '2026-06-21', '08:00:00', '09:00:00', 'tersedia', NULL, '2026-06-11 00:43:08', '2026-06-11 00:43:08'),
(468, 2, '2026-06-21', '09:00:00', '10:00:00', 'tersedia', NULL, '2026-06-11 00:43:08', '2026-06-11 00:43:08'),
(469, 2, '2026-06-21', '10:00:00', '11:00:00', 'tersedia', NULL, '2026-06-11 00:43:08', '2026-06-11 00:43:08'),
(470, 2, '2026-06-21', '11:00:00', '12:00:00', 'tersedia', NULL, '2026-06-11 00:43:08', '2026-06-11 00:43:08'),
(471, 2, '2026-06-21', '12:00:00', '13:00:00', 'tersedia', NULL, '2026-06-11 00:43:08', '2026-06-11 00:43:08'),
(472, 2, '2026-06-21', '13:00:00', '14:00:00', 'tersedia', NULL, '2026-06-11 00:43:08', '2026-06-11 00:43:08'),
(473, 2, '2026-06-21', '14:00:00', '15:00:00', 'tersedia', NULL, '2026-06-11 00:43:08', '2026-06-11 00:43:08'),
(474, 2, '2026-06-21', '15:00:00', '16:00:00', 'tersedia', NULL, '2026-06-11 00:43:08', '2026-06-11 00:43:08'),
(475, 2, '2026-06-21', '16:00:00', '17:00:00', 'tersedia', NULL, '2026-06-11 00:43:08', '2026-06-11 00:43:08'),
(476, 2, '2026-06-21', '17:00:00', '18:00:00', 'tersedia', NULL, '2026-06-11 00:43:08', '2026-06-11 00:43:08'),
(477, 2, '2026-06-21', '18:00:00', '19:00:00', 'tersedia', NULL, '2026-06-11 00:43:08', '2026-06-11 00:43:08'),
(478, 2, '2026-06-21', '19:00:00', '20:00:00', 'tersedia', NULL, '2026-06-11 00:43:08', '2026-06-11 00:43:08'),
(479, 2, '2026-06-21', '20:00:00', '21:00:00', 'tersedia', NULL, '2026-06-11 00:43:08', '2026-06-11 00:43:08'),
(480, 2, '2026-06-21', '21:00:00', '22:00:00', 'tersedia', NULL, '2026-06-11 00:43:08', '2026-06-11 00:43:08'),
(481, 3, '2026-06-21', '07:00:00', '08:00:00', 'tersedia', NULL, '2026-06-11 00:43:08', '2026-06-11 00:43:08'),
(482, 3, '2026-06-21', '08:00:00', '09:00:00', 'tersedia', NULL, '2026-06-11 00:43:08', '2026-06-11 00:43:08'),
(483, 3, '2026-06-21', '09:00:00', '10:00:00', 'tersedia', NULL, '2026-06-11 00:43:08', '2026-06-11 00:43:08'),
(484, 3, '2026-06-21', '10:00:00', '11:00:00', 'tersedia', NULL, '2026-06-11 00:43:08', '2026-06-11 00:43:08'),
(485, 3, '2026-06-21', '11:00:00', '12:00:00', 'tersedia', NULL, '2026-06-11 00:43:08', '2026-06-11 00:43:08'),
(486, 3, '2026-06-21', '12:00:00', '13:00:00', 'tersedia', NULL, '2026-06-11 00:43:08', '2026-06-11 00:43:08'),
(487, 3, '2026-06-21', '13:00:00', '14:00:00', 'tersedia', NULL, '2026-06-11 00:43:08', '2026-06-11 00:43:08'),
(488, 3, '2026-06-21', '14:00:00', '15:00:00', 'tersedia', NULL, '2026-06-11 00:43:08', '2026-06-11 00:43:08'),
(489, 3, '2026-06-21', '15:00:00', '16:00:00', 'tersedia', NULL, '2026-06-11 00:43:08', '2026-06-11 00:43:08'),
(490, 3, '2026-06-21', '16:00:00', '17:00:00', 'tersedia', NULL, '2026-06-11 00:43:08', '2026-06-11 00:43:08'),
(491, 3, '2026-06-21', '17:00:00', '18:00:00', 'tersedia', NULL, '2026-06-11 00:43:08', '2026-06-11 00:43:08'),
(492, 3, '2026-06-21', '18:00:00', '19:00:00', 'tersedia', NULL, '2026-06-11 00:43:08', '2026-06-11 00:43:08'),
(493, 3, '2026-06-21', '19:00:00', '20:00:00', 'tersedia', NULL, '2026-06-11 00:43:08', '2026-06-11 00:43:08'),
(494, 3, '2026-06-21', '20:00:00', '21:00:00', 'tersedia', NULL, '2026-06-11 00:43:08', '2026-06-11 00:43:08'),
(495, 3, '2026-06-21', '21:00:00', '22:00:00', 'tersedia', NULL, '2026-06-11 00:43:08', '2026-06-11 00:43:08'),
(497, 1, '2026-06-22', '08:00:00', '09:00:00', 'tersedia', NULL, '2026-06-11 00:43:08', '2026-06-11 00:43:08'),
(498, 1, '2026-06-22', '09:00:00', '10:00:00', 'tersedia', NULL, '2026-06-11 00:43:08', '2026-06-11 00:43:08'),
(499, 1, '2026-06-22', '10:00:00', '11:00:00', 'tersedia', NULL, '2026-06-11 00:43:08', '2026-06-11 00:43:08'),
(500, 1, '2026-06-22', '11:00:00', '12:00:00', 'tersedia', NULL, '2026-06-11 00:43:08', '2026-06-11 00:43:08'),
(501, 1, '2026-06-22', '12:00:00', '13:00:00', 'tersedia', NULL, '2026-06-11 00:43:08', '2026-06-11 00:43:08'),
(502, 1, '2026-06-22', '13:00:00', '14:00:00', 'tersedia', NULL, '2026-06-11 00:43:08', '2026-06-11 00:43:08'),
(503, 1, '2026-06-22', '14:00:00', '15:00:00', 'tersedia', NULL, '2026-06-11 00:43:08', '2026-06-11 00:43:08'),
(504, 1, '2026-06-22', '15:00:00', '16:00:00', 'tersedia', NULL, '2026-06-11 00:43:08', '2026-06-11 00:43:08'),
(505, 1, '2026-06-22', '16:00:00', '17:00:00', 'tersedia', NULL, '2026-06-11 00:43:08', '2026-06-11 00:43:08'),
(506, 1, '2026-06-22', '17:00:00', '18:00:00', 'tersedia', NULL, '2026-06-11 00:43:08', '2026-06-11 00:43:08'),
(507, 1, '2026-06-22', '18:00:00', '19:00:00', 'tersedia', NULL, '2026-06-11 00:43:08', '2026-06-11 00:43:08'),
(508, 1, '2026-06-22', '19:00:00', '20:00:00', 'tersedia', NULL, '2026-06-11 00:43:08', '2026-06-11 00:43:08'),
(509, 1, '2026-06-22', '20:00:00', '21:00:00', 'tersedia', NULL, '2026-06-11 00:43:08', '2026-06-11 00:43:08'),
(510, 1, '2026-06-22', '21:00:00', '22:00:00', 'tersedia', NULL, '2026-06-11 00:43:08', '2026-06-11 00:43:08'),
(511, 2, '2026-06-22', '07:00:00', '08:00:00', 'tersedia', NULL, '2026-06-11 00:43:08', '2026-06-11 00:43:08'),
(512, 2, '2026-06-22', '08:00:00', '09:00:00', 'tersedia', NULL, '2026-06-11 00:43:08', '2026-06-11 00:43:08'),
(513, 2, '2026-06-22', '09:00:00', '10:00:00', 'tersedia', NULL, '2026-06-11 00:43:08', '2026-06-11 00:43:08'),
(514, 2, '2026-06-22', '10:00:00', '11:00:00', 'tersedia', NULL, '2026-06-11 00:43:08', '2026-06-11 00:43:08'),
(515, 2, '2026-06-22', '11:00:00', '12:00:00', 'tersedia', NULL, '2026-06-11 00:43:08', '2026-06-11 00:43:08'),
(516, 2, '2026-06-22', '12:00:00', '13:00:00', 'tersedia', NULL, '2026-06-11 00:43:08', '2026-06-11 00:43:08'),
(517, 2, '2026-06-22', '13:00:00', '14:00:00', 'tersedia', NULL, '2026-06-11 00:43:08', '2026-06-11 00:43:08'),
(518, 2, '2026-06-22', '14:00:00', '15:00:00', 'tersedia', NULL, '2026-06-11 00:43:08', '2026-06-11 00:43:08'),
(519, 2, '2026-06-22', '15:00:00', '16:00:00', 'tersedia', NULL, '2026-06-11 00:43:08', '2026-06-11 00:43:08'),
(520, 2, '2026-06-22', '16:00:00', '17:00:00', 'tersedia', NULL, '2026-06-11 00:43:08', '2026-06-11 00:43:08'),
(521, 2, '2026-06-22', '17:00:00', '18:00:00', 'tersedia', NULL, '2026-06-11 00:43:08', '2026-06-11 00:43:08'),
(522, 2, '2026-06-22', '18:00:00', '19:00:00', 'tersedia', NULL, '2026-06-11 00:43:08', '2026-06-11 00:43:08'),
(523, 2, '2026-06-22', '19:00:00', '20:00:00', 'tersedia', NULL, '2026-06-11 00:43:08', '2026-06-11 00:43:08'),
(524, 2, '2026-06-22', '20:00:00', '21:00:00', 'tersedia', NULL, '2026-06-11 00:43:08', '2026-06-11 00:43:08'),
(525, 2, '2026-06-22', '21:00:00', '22:00:00', 'tersedia', NULL, '2026-06-11 00:43:08', '2026-06-11 00:43:08'),
(526, 3, '2026-06-22', '07:00:00', '08:00:00', 'tersedia', NULL, '2026-06-11 00:43:08', '2026-06-11 00:43:08'),
(527, 3, '2026-06-22', '08:00:00', '09:00:00', 'tersedia', NULL, '2026-06-11 00:43:08', '2026-06-11 00:43:08'),
(528, 3, '2026-06-22', '09:00:00', '10:00:00', 'tersedia', NULL, '2026-06-11 00:43:08', '2026-06-11 00:43:08'),
(529, 3, '2026-06-22', '10:00:00', '11:00:00', 'tersedia', NULL, '2026-06-11 00:43:08', '2026-06-11 00:43:08'),
(530, 3, '2026-06-22', '11:00:00', '12:00:00', 'tersedia', NULL, '2026-06-11 00:43:08', '2026-06-11 00:43:08'),
(531, 3, '2026-06-22', '12:00:00', '13:00:00', 'tersedia', NULL, '2026-06-11 00:43:08', '2026-06-11 00:43:08'),
(532, 3, '2026-06-22', '13:00:00', '14:00:00', 'tersedia', NULL, '2026-06-11 00:43:08', '2026-06-11 00:43:08'),
(533, 3, '2026-06-22', '14:00:00', '15:00:00', 'tersedia', NULL, '2026-06-11 00:43:08', '2026-06-11 00:43:08'),
(534, 3, '2026-06-22', '15:00:00', '16:00:00', 'tersedia', NULL, '2026-06-11 00:43:08', '2026-06-11 00:43:08'),
(535, 3, '2026-06-22', '16:00:00', '17:00:00', 'tersedia', NULL, '2026-06-11 00:43:08', '2026-06-11 00:43:08'),
(536, 3, '2026-06-22', '17:00:00', '18:00:00', 'tersedia', NULL, '2026-06-11 00:43:08', '2026-06-11 00:43:08'),
(537, 3, '2026-06-22', '18:00:00', '19:00:00', 'tersedia', NULL, '2026-06-11 00:43:08', '2026-06-11 00:43:08'),
(538, 3, '2026-06-22', '19:00:00', '20:00:00', 'tersedia', NULL, '2026-06-11 00:43:08', '2026-06-11 00:43:08'),
(539, 3, '2026-06-22', '20:00:00', '21:00:00', 'tersedia', NULL, '2026-06-11 00:43:08', '2026-06-11 00:43:08'),
(540, 3, '2026-06-22', '21:00:00', '22:00:00', 'tersedia', NULL, '2026-06-11 00:43:08', '2026-06-11 00:43:08'),
(541, 1, '2026-06-23', '07:00:00', '08:00:00', 'tersedia', NULL, '2026-06-11 00:43:08', '2026-06-11 00:43:08'),
(542, 1, '2026-06-23', '08:00:00', '09:00:00', 'tersedia', NULL, '2026-06-11 00:43:08', '2026-06-11 00:43:08'),
(543, 1, '2026-06-23', '09:00:00', '10:00:00', 'tersedia', NULL, '2026-06-11 00:43:08', '2026-06-11 00:43:08'),
(544, 1, '2026-06-23', '10:00:00', '11:00:00', 'tersedia', NULL, '2026-06-11 00:43:08', '2026-06-11 00:43:08'),
(545, 1, '2026-06-23', '11:00:00', '12:00:00', 'tersedia', NULL, '2026-06-11 00:43:08', '2026-06-11 00:43:08'),
(546, 1, '2026-06-23', '12:00:00', '13:00:00', 'tersedia', NULL, '2026-06-11 00:43:08', '2026-06-11 00:43:08'),
(547, 1, '2026-06-23', '13:00:00', '14:00:00', 'tersedia', NULL, '2026-06-11 00:43:08', '2026-06-11 00:43:08'),
(548, 1, '2026-06-23', '14:00:00', '15:00:00', 'tersedia', NULL, '2026-06-11 00:43:08', '2026-06-11 00:43:08'),
(549, 1, '2026-06-23', '15:00:00', '16:00:00', 'tersedia', NULL, '2026-06-11 00:43:08', '2026-06-11 00:43:08'),
(550, 1, '2026-06-23', '16:00:00', '17:00:00', 'tersedia', NULL, '2026-06-11 00:43:08', '2026-06-11 00:43:08'),
(551, 1, '2026-06-23', '17:00:00', '18:00:00', 'tersedia', NULL, '2026-06-11 00:43:08', '2026-06-11 00:43:08'),
(552, 1, '2026-06-23', '18:00:00', '19:00:00', 'tersedia', NULL, '2026-06-11 00:43:08', '2026-06-11 00:43:08'),
(553, 1, '2026-06-23', '19:00:00', '20:00:00', 'tersedia', NULL, '2026-06-11 00:43:08', '2026-06-11 00:43:08'),
(554, 1, '2026-06-23', '20:00:00', '21:00:00', 'tersedia', NULL, '2026-06-11 00:43:08', '2026-06-11 00:43:08'),
(555, 1, '2026-06-23', '21:00:00', '22:00:00', 'tersedia', NULL, '2026-06-11 00:43:08', '2026-06-11 00:43:08'),
(556, 2, '2026-06-23', '07:00:00', '08:00:00', 'tersedia', NULL, '2026-06-11 00:43:08', '2026-06-11 00:43:08'),
(557, 2, '2026-06-23', '08:00:00', '09:00:00', 'tersedia', NULL, '2026-06-11 00:43:08', '2026-06-11 00:43:08'),
(558, 2, '2026-06-23', '09:00:00', '10:00:00', 'tersedia', NULL, '2026-06-11 00:43:08', '2026-06-11 00:43:08'),
(559, 2, '2026-06-23', '10:00:00', '11:00:00', 'tersedia', NULL, '2026-06-11 00:43:08', '2026-06-11 00:43:08'),
(560, 2, '2026-06-23', '11:00:00', '12:00:00', 'tersedia', NULL, '2026-06-11 00:43:08', '2026-06-11 00:43:08'),
(561, 2, '2026-06-23', '12:00:00', '13:00:00', 'tersedia', NULL, '2026-06-11 00:43:08', '2026-06-11 00:43:08'),
(562, 2, '2026-06-23', '13:00:00', '14:00:00', 'tersedia', NULL, '2026-06-11 00:43:08', '2026-06-11 00:43:08'),
(563, 2, '2026-06-23', '14:00:00', '15:00:00', 'tersedia', NULL, '2026-06-11 00:43:08', '2026-06-11 00:43:08'),
(564, 2, '2026-06-23', '15:00:00', '16:00:00', 'tersedia', NULL, '2026-06-11 00:43:08', '2026-06-11 00:43:08'),
(565, 2, '2026-06-23', '16:00:00', '17:00:00', 'tersedia', NULL, '2026-06-11 00:43:08', '2026-06-11 00:43:08'),
(566, 2, '2026-06-23', '17:00:00', '18:00:00', 'tersedia', NULL, '2026-06-11 00:43:08', '2026-06-11 00:43:08'),
(567, 2, '2026-06-23', '18:00:00', '19:00:00', 'tersedia', NULL, '2026-06-11 00:43:08', '2026-06-11 00:43:08'),
(568, 2, '2026-06-23', '19:00:00', '20:00:00', 'tersedia', NULL, '2026-06-11 00:43:08', '2026-06-11 00:43:08'),
(569, 2, '2026-06-23', '20:00:00', '21:00:00', 'tersedia', NULL, '2026-06-11 00:43:08', '2026-06-11 00:43:08'),
(570, 2, '2026-06-23', '21:00:00', '22:00:00', 'tersedia', NULL, '2026-06-11 00:43:08', '2026-06-11 00:43:08'),
(571, 3, '2026-06-23', '07:00:00', '08:00:00', 'tersedia', NULL, '2026-06-11 00:43:08', '2026-06-11 00:43:08'),
(572, 3, '2026-06-23', '08:00:00', '09:00:00', 'tersedia', NULL, '2026-06-11 00:43:08', '2026-06-11 00:43:08'),
(573, 3, '2026-06-23', '09:00:00', '10:00:00', 'tersedia', NULL, '2026-06-11 00:43:08', '2026-06-11 00:43:08'),
(574, 3, '2026-06-23', '10:00:00', '11:00:00', 'tersedia', NULL, '2026-06-11 00:43:08', '2026-06-11 00:43:08'),
(575, 3, '2026-06-23', '11:00:00', '12:00:00', 'tersedia', NULL, '2026-06-11 00:43:08', '2026-06-11 00:43:08'),
(576, 3, '2026-06-23', '12:00:00', '13:00:00', 'tersedia', NULL, '2026-06-11 00:43:08', '2026-06-11 00:43:08'),
(577, 3, '2026-06-23', '13:00:00', '14:00:00', 'tersedia', NULL, '2026-06-11 00:43:08', '2026-06-11 00:43:08'),
(578, 3, '2026-06-23', '14:00:00', '15:00:00', 'tersedia', NULL, '2026-06-11 00:43:08', '2026-06-11 00:43:08'),
(579, 3, '2026-06-23', '15:00:00', '16:00:00', 'tersedia', NULL, '2026-06-11 00:43:08', '2026-06-11 00:43:08'),
(580, 3, '2026-06-23', '16:00:00', '17:00:00', 'tersedia', NULL, '2026-06-11 00:43:08', '2026-06-11 00:43:08'),
(581, 3, '2026-06-23', '17:00:00', '18:00:00', 'dipesan', NULL, '2026-06-11 00:43:08', '2026-06-23 02:30:23'),
(582, 3, '2026-06-23', '18:00:00', '19:00:00', 'tersedia', NULL, '2026-06-11 00:43:08', '2026-06-11 00:43:08'),
(583, 3, '2026-06-23', '19:00:00', '20:00:00', 'tersedia', NULL, '2026-06-11 00:43:08', '2026-06-11 00:43:08'),
(584, 3, '2026-06-23', '20:00:00', '21:00:00', 'tersedia', NULL, '2026-06-11 00:43:08', '2026-06-11 00:43:08'),
(585, 3, '2026-06-23', '21:00:00', '22:00:00', 'tersedia', NULL, '2026-06-11 00:43:08', '2026-06-11 00:43:08'),
(586, 1, '2026-06-24', '07:00:00', '08:00:00', 'tersedia', NULL, '2026-06-11 00:43:08', '2026-06-11 00:43:08'),
(587, 1, '2026-06-24', '08:00:00', '09:00:00', 'tersedia', NULL, '2026-06-11 00:43:08', '2026-06-11 00:43:08'),
(588, 1, '2026-06-24', '09:00:00', '10:00:00', 'tersedia', NULL, '2026-06-11 00:43:08', '2026-06-11 00:43:08'),
(589, 1, '2026-06-24', '10:00:00', '11:00:00', 'tersedia', NULL, '2026-06-11 00:43:08', '2026-06-11 00:43:08'),
(590, 1, '2026-06-24', '11:00:00', '12:00:00', 'tersedia', NULL, '2026-06-11 00:43:08', '2026-06-11 00:43:08'),
(591, 1, '2026-06-24', '12:00:00', '13:00:00', 'tersedia', NULL, '2026-06-11 00:43:08', '2026-06-11 00:43:08'),
(592, 1, '2026-06-24', '13:00:00', '14:00:00', 'tersedia', NULL, '2026-06-11 00:43:08', '2026-06-11 00:43:08'),
(593, 1, '2026-06-24', '14:00:00', '15:00:00', 'tersedia', NULL, '2026-06-11 00:43:08', '2026-06-11 00:43:08'),
(594, 1, '2026-06-24', '15:00:00', '16:00:00', 'tersedia', NULL, '2026-06-11 00:43:08', '2026-06-11 00:43:08'),
(595, 1, '2026-06-24', '16:00:00', '17:00:00', 'tersedia', NULL, '2026-06-11 00:43:08', '2026-06-11 00:43:08'),
(596, 1, '2026-06-24', '17:00:00', '18:00:00', 'tersedia', NULL, '2026-06-11 00:43:08', '2026-06-11 00:43:08'),
(597, 1, '2026-06-24', '18:00:00', '19:00:00', 'tersedia', NULL, '2026-06-11 00:43:08', '2026-06-11 00:43:08'),
(598, 1, '2026-06-24', '19:00:00', '20:00:00', 'tersedia', NULL, '2026-06-11 00:43:08', '2026-06-11 00:43:08'),
(599, 1, '2026-06-24', '20:00:00', '21:00:00', 'tersedia', NULL, '2026-06-11 00:43:08', '2026-06-11 00:43:08'),
(600, 1, '2026-06-24', '21:00:00', '22:00:00', 'tersedia', NULL, '2026-06-11 00:43:08', '2026-06-11 00:43:08'),
(601, 2, '2026-06-24', '07:00:00', '08:00:00', 'tersedia', NULL, '2026-06-11 00:43:08', '2026-06-11 00:43:08'),
(602, 2, '2026-06-24', '08:00:00', '09:00:00', 'tersedia', NULL, '2026-06-11 00:43:08', '2026-06-11 00:43:08'),
(603, 2, '2026-06-24', '09:00:00', '10:00:00', 'tersedia', NULL, '2026-06-11 00:43:08', '2026-06-11 00:43:08'),
(604, 2, '2026-06-24', '10:00:00', '11:00:00', 'tersedia', NULL, '2026-06-11 00:43:08', '2026-06-11 00:43:08'),
(605, 2, '2026-06-24', '11:00:00', '12:00:00', 'tersedia', NULL, '2026-06-11 00:43:08', '2026-06-11 00:43:08'),
(606, 2, '2026-06-24', '12:00:00', '13:00:00', 'tersedia', NULL, '2026-06-11 00:43:08', '2026-06-11 00:43:08'),
(607, 2, '2026-06-24', '13:00:00', '14:00:00', 'tersedia', NULL, '2026-06-11 00:43:08', '2026-06-11 00:43:08'),
(608, 2, '2026-06-24', '14:00:00', '15:00:00', 'tersedia', NULL, '2026-06-11 00:43:08', '2026-06-11 00:43:08'),
(609, 2, '2026-06-24', '15:00:00', '16:00:00', 'tersedia', NULL, '2026-06-11 00:43:08', '2026-06-11 00:43:08'),
(610, 2, '2026-06-24', '16:00:00', '17:00:00', 'tersedia', NULL, '2026-06-11 00:43:08', '2026-06-11 00:43:08'),
(611, 2, '2026-06-24', '17:00:00', '18:00:00', 'tersedia', NULL, '2026-06-11 00:43:08', '2026-06-11 00:43:08'),
(612, 2, '2026-06-24', '18:00:00', '19:00:00', 'tersedia', NULL, '2026-06-11 00:43:08', '2026-06-11 00:43:08'),
(613, 2, '2026-06-24', '19:00:00', '20:00:00', 'tersedia', NULL, '2026-06-11 00:43:08', '2026-06-11 00:43:08'),
(614, 2, '2026-06-24', '20:00:00', '21:00:00', 'tersedia', NULL, '2026-06-11 00:43:08', '2026-06-11 00:43:08'),
(615, 2, '2026-06-24', '21:00:00', '22:00:00', 'tersedia', NULL, '2026-06-11 00:43:08', '2026-06-11 00:43:08'),
(616, 3, '2026-06-24', '07:00:00', '08:00:00', 'tersedia', NULL, '2026-06-11 00:43:08', '2026-06-11 00:43:08'),
(617, 3, '2026-06-24', '08:00:00', '09:00:00', 'tersedia', NULL, '2026-06-11 00:43:08', '2026-06-11 00:43:08'),
(618, 3, '2026-06-24', '09:00:00', '10:00:00', 'tersedia', NULL, '2026-06-11 00:43:08', '2026-06-11 00:43:08'),
(619, 3, '2026-06-24', '10:00:00', '11:00:00', 'tersedia', NULL, '2026-06-11 00:43:08', '2026-06-11 00:43:08'),
(620, 3, '2026-06-24', '11:00:00', '12:00:00', 'tersedia', NULL, '2026-06-11 00:43:08', '2026-06-11 00:43:08'),
(621, 3, '2026-06-24', '12:00:00', '13:00:00', 'tersedia', NULL, '2026-06-11 00:43:08', '2026-06-11 00:43:08'),
(622, 3, '2026-06-24', '13:00:00', '14:00:00', 'tersedia', NULL, '2026-06-11 00:43:08', '2026-06-11 00:43:08'),
(623, 3, '2026-06-24', '14:00:00', '15:00:00', 'tersedia', NULL, '2026-06-11 00:43:08', '2026-06-11 00:43:08'),
(624, 3, '2026-06-24', '15:00:00', '16:00:00', 'tersedia', NULL, '2026-06-11 00:43:08', '2026-06-11 00:43:08'),
(625, 3, '2026-06-24', '16:00:00', '17:00:00', 'tersedia', NULL, '2026-06-11 00:43:08', '2026-06-11 00:43:08'),
(626, 3, '2026-06-24', '17:00:00', '18:00:00', 'tersedia', NULL, '2026-06-11 00:43:08', '2026-06-11 00:43:08'),
(627, 3, '2026-06-24', '18:00:00', '19:00:00', 'tersedia', NULL, '2026-06-11 00:43:08', '2026-06-11 00:43:08'),
(628, 3, '2026-06-24', '19:00:00', '20:00:00', 'tersedia', NULL, '2026-06-11 00:43:08', '2026-06-11 00:43:08'),
(629, 3, '2026-06-24', '20:00:00', '21:00:00', 'tersedia', NULL, '2026-06-11 00:43:08', '2026-06-11 00:43:08'),
(630, 3, '2026-06-24', '21:00:00', '22:00:00', 'tersedia', NULL, '2026-06-11 00:43:08', '2026-06-11 00:43:08'),
(631, 1, '2026-06-25', '07:00:00', '08:00:00', 'tersedia', NULL, '2026-06-11 00:43:08', '2026-06-11 00:43:08'),
(632, 1, '2026-06-25', '08:00:00', '09:00:00', 'tersedia', NULL, '2026-06-11 00:43:08', '2026-06-11 00:43:08'),
(633, 1, '2026-06-25', '09:00:00', '10:00:00', 'tersedia', NULL, '2026-06-11 00:43:08', '2026-06-11 00:43:08'),
(634, 1, '2026-06-25', '10:00:00', '11:00:00', 'tersedia', NULL, '2026-06-11 00:43:08', '2026-06-11 00:43:08'),
(635, 1, '2026-06-25', '11:00:00', '12:00:00', 'tersedia', NULL, '2026-06-11 00:43:08', '2026-06-11 00:43:08'),
(636, 1, '2026-06-25', '12:00:00', '13:00:00', 'tersedia', NULL, '2026-06-11 00:43:08', '2026-06-11 00:43:08'),
(637, 1, '2026-06-25', '13:00:00', '14:00:00', 'tersedia', NULL, '2026-06-11 00:43:08', '2026-06-11 00:43:08'),
(638, 1, '2026-06-25', '14:00:00', '15:00:00', 'tersedia', NULL, '2026-06-11 00:43:08', '2026-06-11 00:43:08'),
(639, 1, '2026-06-25', '15:00:00', '16:00:00', 'tersedia', NULL, '2026-06-11 00:43:08', '2026-06-11 00:43:08'),
(640, 1, '2026-06-25', '16:00:00', '17:00:00', 'tersedia', NULL, '2026-06-11 00:43:08', '2026-06-11 00:43:08'),
(641, 1, '2026-06-25', '17:00:00', '18:00:00', 'tersedia', NULL, '2026-06-11 00:43:08', '2026-06-11 00:43:08'),
(642, 1, '2026-06-25', '18:00:00', '19:00:00', 'tersedia', NULL, '2026-06-11 00:43:08', '2026-06-11 00:43:08'),
(643, 1, '2026-06-25', '19:00:00', '20:00:00', 'tersedia', NULL, '2026-06-11 00:43:08', '2026-06-11 00:43:08'),
(644, 1, '2026-06-25', '20:00:00', '21:00:00', 'tersedia', NULL, '2026-06-11 00:43:08', '2026-06-11 00:43:08'),
(645, 1, '2026-06-25', '21:00:00', '22:00:00', 'tersedia', NULL, '2026-06-11 00:43:08', '2026-06-11 00:43:08'),
(646, 2, '2026-06-25', '07:00:00', '08:00:00', 'tersedia', NULL, '2026-06-11 00:43:08', '2026-06-11 00:43:08'),
(647, 2, '2026-06-25', '08:00:00', '09:00:00', 'tersedia', NULL, '2026-06-11 00:43:08', '2026-06-11 00:43:08'),
(648, 2, '2026-06-25', '09:00:00', '10:00:00', 'tersedia', NULL, '2026-06-11 00:43:08', '2026-06-11 00:43:08'),
(649, 2, '2026-06-25', '10:00:00', '11:00:00', 'tersedia', NULL, '2026-06-11 00:43:08', '2026-06-11 00:43:08'),
(650, 2, '2026-06-25', '11:00:00', '12:00:00', 'tersedia', NULL, '2026-06-11 00:43:08', '2026-06-11 00:43:08'),
(651, 2, '2026-06-25', '12:00:00', '13:00:00', 'tersedia', NULL, '2026-06-11 00:43:08', '2026-06-11 00:43:08'),
(652, 2, '2026-06-25', '13:00:00', '14:00:00', 'tersedia', NULL, '2026-06-11 00:43:08', '2026-06-11 00:43:08'),
(653, 2, '2026-06-25', '14:00:00', '15:00:00', 'tersedia', NULL, '2026-06-11 00:43:08', '2026-06-11 00:43:08'),
(654, 2, '2026-06-25', '15:00:00', '16:00:00', 'tersedia', NULL, '2026-06-11 00:43:08', '2026-06-11 00:43:08'),
(655, 2, '2026-06-25', '16:00:00', '17:00:00', 'tersedia', NULL, '2026-06-11 00:43:08', '2026-06-11 00:43:08'),
(656, 2, '2026-06-25', '17:00:00', '18:00:00', 'tersedia', NULL, '2026-06-11 00:43:08', '2026-06-11 00:43:08'),
(657, 2, '2026-06-25', '18:00:00', '19:00:00', 'tersedia', NULL, '2026-06-11 00:43:08', '2026-06-11 00:43:08'),
(658, 2, '2026-06-25', '19:00:00', '20:00:00', 'tersedia', NULL, '2026-06-11 00:43:08', '2026-06-11 00:43:08'),
(659, 2, '2026-06-25', '20:00:00', '21:00:00', 'tersedia', NULL, '2026-06-11 00:43:08', '2026-06-11 00:43:08'),
(660, 2, '2026-06-25', '21:00:00', '22:00:00', 'tersedia', NULL, '2026-06-11 00:43:08', '2026-06-11 00:43:08'),
(661, 3, '2026-06-25', '07:00:00', '08:00:00', 'tersedia', NULL, '2026-06-11 00:43:08', '2026-06-11 00:43:08'),
(662, 3, '2026-06-25', '08:00:00', '09:00:00', 'tersedia', NULL, '2026-06-11 00:43:08', '2026-06-11 00:43:08'),
(663, 3, '2026-06-25', '09:00:00', '10:00:00', 'tersedia', NULL, '2026-06-11 00:43:08', '2026-06-11 00:43:08'),
(664, 3, '2026-06-25', '10:00:00', '11:00:00', 'tersedia', NULL, '2026-06-11 00:43:08', '2026-06-11 00:43:08'),
(665, 3, '2026-06-25', '11:00:00', '12:00:00', 'tersedia', NULL, '2026-06-11 00:43:08', '2026-06-11 00:43:08'),
(666, 3, '2026-06-25', '12:00:00', '13:00:00', 'tersedia', NULL, '2026-06-11 00:43:08', '2026-06-11 00:43:08'),
(667, 3, '2026-06-25', '13:00:00', '14:00:00', 'tersedia', NULL, '2026-06-11 00:43:08', '2026-06-11 00:43:08'),
(668, 3, '2026-06-25', '14:00:00', '15:00:00', 'tersedia', NULL, '2026-06-11 00:43:08', '2026-06-11 00:43:08'),
(669, 3, '2026-06-25', '15:00:00', '16:00:00', 'tersedia', NULL, '2026-06-11 00:43:08', '2026-06-11 00:43:08'),
(670, 3, '2026-06-25', '16:00:00', '17:00:00', 'tersedia', NULL, '2026-06-11 00:43:08', '2026-06-11 00:43:08'),
(671, 3, '2026-06-25', '17:00:00', '18:00:00', 'tersedia', NULL, '2026-06-11 00:43:08', '2026-06-11 00:43:08'),
(672, 3, '2026-06-25', '18:00:00', '19:00:00', 'tersedia', NULL, '2026-06-11 00:43:08', '2026-06-11 00:43:08'),
(673, 3, '2026-06-25', '19:00:00', '20:00:00', 'tersedia', NULL, '2026-06-11 00:43:08', '2026-06-11 00:43:08'),
(674, 3, '2026-06-25', '20:00:00', '21:00:00', 'tersedia', NULL, '2026-06-11 00:43:08', '2026-06-11 00:43:08'),
(675, 3, '2026-06-25', '21:00:00', '22:00:00', 'tersedia', NULL, '2026-06-11 00:43:08', '2026-06-11 00:43:08'),
(676, 3, '2026-06-12', '23:00:00', '23:59:00', 'dipesan', NULL, '2026-06-12 13:27:24', '2026-06-12 13:28:18'),
(677, 1, '2026-06-13', '07:00:00', '08:00:00', 'dipesan', 'Booking Offline: Awal', '2026-06-12 15:58:41', '2026-06-12 15:58:41'),
(680, 1, '2026-06-14', '08:00:00', '12:00:00', 'ditutup', 'Turnamen', '2026-06-13 11:32:23', '2026-06-13 11:32:23'),
(681, 3, '2026-07-03', '14:00:00', '15:00:00', 'dipesan', 'Booking Offline: Dila S.Kom', '2026-07-03 05:25:51', '2026-07-03 05:25:51'),
(682, 3, '2026-07-07', '13:00:00', '16:00:00', 'dipesan', NULL, '2026-07-07 02:42:26', '2026-07-07 02:44:11'),
(683, 1, '2026-07-07', '17:00:00', '20:00:00', 'dipesan', NULL, '2026-07-07 03:33:18', '2026-07-07 03:34:04'),
(684, 1, '2026-07-07', '12:00:00', '15:00:00', 'dipesan', NULL, '2026-07-07 03:40:38', '2026-07-07 03:42:33'),
(689, 1, '2026-07-09', '09:00:00', '12:00:00', 'tersedia', NULL, '2026-07-08 14:24:42', '2026-07-08 14:25:05'),
(690, 1, '2026-07-13', '07:00:00', '10:00:00', 'dipesan', 'Slot Member: Ekselsa', '2026-07-09 14:44:24', '2026-07-09 14:44:24'),
(691, 1, '2026-07-20', '07:00:00', '10:00:00', 'dipesan', 'Slot Member: Ekselsa', '2026-07-09 14:44:24', '2026-07-09 14:44:24'),
(692, 1, '2026-07-27', '07:00:00', '10:00:00', 'dipesan', 'Slot Member: Ekselsa', '2026-07-09 14:44:24', '2026-07-09 14:44:24'),
(693, 1, '2026-08-03', '07:00:00', '10:00:00', 'dipesan', 'Slot Member: Ekselsa', '2026-07-09 14:44:24', '2026-07-09 14:44:24'),
(694, 3, '2026-07-10', '07:00:00', '10:00:00', 'tersedia', 'Booking Offline: Awal', '2026-07-09 16:13:11', '2026-07-10 06:30:27'),
(695, 2, '2026-07-10', '07:00:00', '12:00:00', 'ditutup', 'Pembersihan', '2026-07-09 17:57:50', '2026-07-09 17:57:50'),
(696, 1, '2026-07-10', '17:00:00', '20:00:00', 'dipesan', NULL, '2026-07-10 06:40:43', '2026-07-10 06:41:37'),
(697, 1, '2026-07-10', '20:00:00', '22:00:00', 'dipesan', 'Booking Offline: Awal', '2026-07-10 07:13:50', '2026-07-10 07:13:50');

-- --------------------------------------------------------

--
-- Table structure for table `lapangan`
--

CREATE TABLE `lapangan` (
  `id` bigint(20) UNSIGNED NOT NULL,
  `nama_lapangan` varchar(100) NOT NULL,
  `deskripsi` text DEFAULT NULL,
  `harga_weekday` decimal(10,2) NOT NULL DEFAULT 55000.00,
  `harga_weekend` decimal(10,2) NOT NULL DEFAULT 60000.00,
  `foto` varchar(255) DEFAULT NULL,
  `status` enum('aktif','nonaktif') NOT NULL DEFAULT 'aktif',
  `created_at` timestamp NULL DEFAULT NULL,
  `updated_at` timestamp NULL DEFAULT NULL
) ENGINE=InnoDB DEFAULT CHARSET=utf8mb4 COLLATE=utf8mb4_unicode_ci;

--
-- Dumping data for table `lapangan`
--

INSERT INTO `lapangan` (`id`, `nama_lapangan`, `deskripsi`, `harga_weekday`, `harga_weekend`, `foto`, `status`, `created_at`, `updated_at`) VALUES
(1, 'Lapangan 1', 'Karpet premium badminton, pencahayaan LED, Kipas angin', 55000.00, 60000.00, NULL, 'aktif', '2026-06-11 00:43:07', '2026-06-11 00:43:07'),
(2, 'Lapangan 2', 'Karpet premium badminton, pencahayaan LED, Kipas angin', 55000.00, 60000.00, NULL, 'aktif', '2026-06-11 00:43:07', '2026-06-11 00:43:07'),
(3, 'Lapangan 3', 'Karpet premium badminton, pencahayaan LED, Kipas angin', 55000.00, 60000.00, NULL, 'aktif', '2026-06-11 00:43:07', '2026-06-11 00:43:07');

-- --------------------------------------------------------

--
-- Table structure for table `membership_payments`
--

CREATE TABLE `membership_payments` (
  `id` bigint(20) UNSIGNED NOT NULL,
  `user_id` bigint(20) UNSIGNED NOT NULL,
  `paket` varchar(255) NOT NULL,
  `hari` varchar(10) DEFAULT NULL,
  `jam_mulai` time DEFAULT NULL,
  `jam_selesai` time DEFAULT NULL,
  `jumlah_bayar` decimal(10,2) NOT NULL,
  `metode_pembayaran` varchar(255) NOT NULL,
  `bukti_pembayaran` varchar(255) NOT NULL,
  `status_verifikasi` enum('menunggu','diverifikasi','ditolak') NOT NULL DEFAULT 'menunggu',
  `catatan_admin` text DEFAULT NULL,
  `verified_at` timestamp NULL DEFAULT NULL,
  `created_at` timestamp NULL DEFAULT NULL,
  `updated_at` timestamp NULL DEFAULT NULL,
  `lapangan_id` bigint(20) UNSIGNED DEFAULT NULL
) ENGINE=InnoDB DEFAULT CHARSET=utf8mb4 COLLATE=utf8mb4_unicode_ci;

--
-- Dumping data for table `membership_payments`
--

INSERT INTO `membership_payments` (`id`, `user_id`, `paket`, `hari`, `jam_mulai`, `jam_selesai`, `jumlah_bayar`, `metode_pembayaran`, `bukti_pembayaran`, `status_verifikasi`, `catatan_admin`, `verified_at`, `created_at`, `updated_at`, `lapangan_id`) VALUES
(3, 5, 'weekday_pagi', 'senin', '07:00:00', '10:00:00', 350000.00, 'qris', 'membership_payments/VwAd9tPC8JRhwvJCZtmGvSP3moBqyD2vR5m2Y7NT.jpg', 'diverifikasi', NULL, '2026-07-09 14:44:23', '2026-07-09 14:44:04', '2026-07-09 14:44:23', 1);

-- --------------------------------------------------------

--
-- Table structure for table `migrations`
--

CREATE TABLE `migrations` (
  `id` int(10) UNSIGNED NOT NULL,
  `migration` varchar(255) NOT NULL,
  `batch` int(11) NOT NULL
) ENGINE=InnoDB DEFAULT CHARSET=utf8mb4 COLLATE=utf8mb4_unicode_ci;

--
-- Dumping data for table `migrations`
--

INSERT INTO `migrations` (`id`, `migration`, `batch`) VALUES
(1, '0001_01_01_000000_create_users_table', 1),
(2, '2024_01_01_000001_create_lapangan_table', 1),
(3, '2024_01_01_000002_create_jadwal_table', 1),
(4, '2024_01_01_000003_create_bookings_table', 1),
(5, '2024_01_01_000004_create_pembayaran_table', 1),
(6, '2026_05_05_155831_make_bukti_pembayaran_nullable_in_pembayaran_table', 1),
(7, '2026_05_05_172844_remove_unique_from_jadwal_id_in_bookings_table', 1),
(8, '2026_05_05_172926_add_pending_status_to_jadwal_table', 1),
(9, '2026_05_05_183210_add_fasilitas_to_bookings_table', 1),
(10, '2026_05_06_130955_add_snap_token_to_bookings_table', 1),
(11, '2026_05_06_134219_update_bookings_status_enum', 1),
(12, '2026_05_12_063143_alter_jadwal_status_enum', 1),
(13, '2026_05_12_064541_create_hari_liburs_table', 1),
(14, '2026_05_12_073933_add_keterangan_to_jadwal_table', 1),
(15, '2026_05_13_185245_add_offline_fields_to_bookings_table', 1),
(16, '2026_05_13_185251_add_ditutup_status_to_jadwal_table', 1),
(17, '2026_05_15_000001_add_kedaluwarsa_to_pembayaran_status_verifikasi', 1),
(18, '2026_05_18_004328_create_fasilitas_table', 1),
(19, '2026_05_18_004416_create_booking_fasilitas_table', 1),
(20, '2026_05_18_203654_add_ulasan_to_bookings_table', 1),
(21, '2026_05_22_000001_add_performance_indexes', 1),
(22, '2026_05_22_181333_add_reward_applied_to_bookings_table', 1),
(23, '2026_05_23_000001_add_loyalty_fields_to_users_table', 1),
(24, '2026_05_23_000002_create_points_history_table', 1),
(25, '2026_05_23_000003_create_redemptions_table', 1),
(26, '2026_05_23_173113_add_booking_id_to_redemptions_table', 1),
(27, '2026_05_26_000001_update_tables_for_loyalty_system', 1),
(28, '2026_05_28_180000_create_membership_payments_table', 1),
(29, '2026_05_28_190000_change_metode_pembayaran_in_membership_payments_table', 1),
(30, '2026_06_02_203444_add_index_to_membership_payments', 1),
(31, '2026_06_04_000001_add_schedule_fields_to_membership_payments_table', 1),
(32, '2026_06_04_000002_expand_kategori_member_enum', 1),
(33, '2026_06_08_013043_add_missing_performance_indexes', 1),
(34, '2026_06_09_000001_add_anbiyaa_water_to_redemptions_jenis_hadiah', 1),
(35, '2026_06_09_150000_drop_redundant_indexes_from_loyalty_tables', 1),
(36, '2026_06_09_160000_drop_redundant_indexes_from_bookings_table', 1),
(37, '2026_06_11_000000_add_username_and_make_email_nullable_in_users_table', 1),
(38, '2026_07_07_023607_make_nomor_hp_unique_in_users_table', 2),
(40, '2026_07_08_214000_drop_email_columns_from_users_table', 3),
(41, '2026_07_09_220224_add_membership_expires_at_to_users_table', 4),
(42, '2026_07_09_220702_add_membership_expires_at_to_users_table', 5),
(43, '2026_07_10_150016_drop_password_reset_tokens_table', 6),
(44, '2026_07_10_160000_add_additional_performance_indexes', 7);

-- --------------------------------------------------------

--
-- Table structure for table `pembayaran`
--

CREATE TABLE `pembayaran` (
  `id` bigint(20) UNSIGNED NOT NULL,
  `booking_id` bigint(20) UNSIGNED NOT NULL,
  `bukti_pembayaran` varchar(255) DEFAULT NULL,
  `jumlah_bayar` decimal(10,2) NOT NULL,
  `metode_pembayaran` enum('transfer','tunai','qris') NOT NULL DEFAULT 'transfer',
  `status_verifikasi` enum('menunggu','diverifikasi','ditolak','kedaluwarsa') DEFAULT 'menunggu',
  `catatan_admin` text DEFAULT NULL,
  `verified_at` timestamp NULL DEFAULT NULL,
  `created_at` timestamp NULL DEFAULT NULL,
  `updated_at` timestamp NULL DEFAULT NULL
) ENGINE=InnoDB DEFAULT CHARSET=utf8mb4 COLLATE=utf8mb4_unicode_ci;

--
-- Dumping data for table `pembayaran`
--

INSERT INTO `pembayaran` (`id`, `booking_id`, `bukti_pembayaran`, `jumlah_bayar`, `metode_pembayaran`, `status_verifikasi`, `catatan_admin`, `verified_at`, `created_at`, `updated_at`) VALUES
(1, 1, NULL, 55000.00, 'qris', 'diverifikasi', '[Loyalty +22 poin → Misbah]', '2026-06-11 02:14:01', '2026-06-11 02:09:50', '2026-06-11 02:14:03'),
(2, 2, NULL, 105000.00, 'qris', 'diverifikasi', '[Loyalty +21 poin → Misbah]', '2026-06-12 13:28:18', '2026-06-12 13:27:25', '2026-06-12 13:28:18'),
(3, 3, NULL, 265000.00, 'tunai', 'diverifikasi', 'Booking offline oleh admin.', '2026-06-12 15:58:41', '2026-06-12 15:58:41', '2026-06-12 15:58:41'),
(4, 4, NULL, 660000.00, 'tunai', 'diverifikasi', '[Loyalty +130 poin → Fahri]', '2026-06-12 16:04:03', '2026-06-12 16:02:35', '2026-06-12 16:04:04'),
(6, 6, NULL, 243000.00, 'qris', 'diverifikasi', '[Loyalty +46 poin → Ical]', '2026-06-23 02:30:23', '2026-06-23 02:29:44', '2026-06-23 02:30:24'),
(7, 7, NULL, 268000.00, 'tunai', 'diverifikasi', 'Booking offline oleh admin.', '2026-07-03 05:25:51', '2026-07-03 05:25:51', '2026-07-03 05:25:51'),
(8, 8, NULL, 378000.00, 'qris', 'diverifikasi', '[Loyalty +106 poin → Ekselsa]', '2026-07-07 02:44:11', '2026-07-07 02:42:26', '2026-07-07 02:44:12'),
(9, 9, NULL, 378000.00, 'qris', 'diverifikasi', '[Loyalty +73 poin → Fahri]', '2026-07-07 03:34:03', '2026-07-07 03:33:19', '2026-07-07 03:34:04'),
(10, 10, NULL, 273000.00, 'qris', 'diverifikasi', '[Loyalty +74 poin → Fahri]', '2026-07-07 03:42:33', '2026-07-07 03:40:38', '2026-07-07 03:42:33'),
(12, 12, NULL, 318000.00, 'qris', 'ditolak', NULL, '2026-07-08 14:25:05', '2026-07-08 14:24:42', '2026-07-08 14:25:05'),
(13, 13, NULL, 350000.00, 'qris', 'diverifikasi', 'Auto-generated dari verifikasi membership #3', '2026-07-09 14:44:24', '2026-07-09 14:44:24', '2026-07-09 14:44:24'),
(15, 15, NULL, 348000.00, 'qris', 'diverifikasi', '[Loyalty +67 poin → Ical]', '2026-07-10 06:41:37', '2026-07-10 06:40:44', '2026-07-10 06:41:37'),
(16, 16, NULL, 110000.00, 'tunai', 'diverifikasi', 'Booking offline oleh admin.', '2026-07-10 07:13:50', '2026-07-10 07:13:50', '2026-07-10 07:13:50');

-- --------------------------------------------------------

--
-- Table structure for table `points_history`
--

CREATE TABLE `points_history` (
  `id` bigint(20) UNSIGNED NOT NULL,
  `user_id` bigint(20) UNSIGNED NOT NULL,
  `booking_id` bigint(20) UNSIGNED DEFAULT NULL,
  `tipe` enum('kredit','debit') NOT NULL,
  `jumlah_poin` int(10) UNSIGNED NOT NULL,
  `poin_saldo_after` int(10) UNSIGNED DEFAULT NULL COMMENT 'Snapshot saldo poin pasca transaksi',
  `sumber` varchar(80) NOT NULL COMMENT 'Lihat komentar tabel untuk daftar valid sumber',
  `keterangan` varchar(255) DEFAULT NULL,
  `expired_at` timestamp NULL DEFAULT NULL,
  `is_expired` tinyint(1) NOT NULL DEFAULT 0 COMMENT 'Di-flag true oleh cron loyalty:expire-points',
  `created_at` timestamp NULL DEFAULT NULL,
  `updated_at` timestamp NULL DEFAULT NULL
) ENGINE=InnoDB DEFAULT CHARSET=utf8mb4 COLLATE=utf8mb4_unicode_ci;

--
-- Dumping data for table `points_history`
--

INSERT INTO `points_history` (`id`, `user_id`, `booking_id`, `tipe`, `jumlah_poin`, `poin_saldo_after`, `sumber`, `keterangan`, `expired_at`, `is_expired`, `created_at`, `updated_at`) VALUES
(1, 3, 1, 'kredit', 22, 22, 'sewa_lapangan_offpeak', 'Booking #1 — Lapangan 1, 11 Jun 2026. Sewa lapangan (Off-Peak ×2): +22 poin', '2026-12-11 02:14:01', 0, '2026-06-11 02:14:01', '2026-06-11 02:14:01'),
(2, 3, 2, 'kredit', 21, 43, 'sewa_lapangan_peak', 'Booking #2 — Lapangan 3, 12 Jun 2026. Sewa lapangan (Peak): +11 poin. Fasilitas tambahan: +10 poin', '2026-12-12 13:28:18', 0, '2026-06-12 13:28:18', '2026-06-12 13:28:18'),
(3, 2, 4, 'kredit', 130, 130, 'sewa_lapangan_peak', 'Booking #4 — Lapangan 2, 13 Jun 2026. Sewa lapangan (Peak): +60 poin. Fasilitas tambahan: +70 poin', '2026-12-12 16:04:03', 0, '2026-06-12 16:04:03', '2026-06-12 16:04:03'),
(4, 4, 6, 'kredit', 46, 46, 'sewa_lapangan_peak', 'Booking #6 — Lapangan 3, 23 Jun 2026. Sewa lapangan (Peak): +11 poin. Fasilitas tambahan: +35 poin', '2026-12-23 02:30:23', 0, '2026-06-23 02:30:23', '2026-06-23 02:30:23'),
(5, 5, 8, 'kredit', 106, 106, 'sewa_lapangan_offpeak', 'Booking #8 — Lapangan 3, 07 Jul 2026. Sewa lapangan (Off-Peak ×2): +66 poin. Fasilitas tambahan: +40 poin', '2027-01-07 02:44:11', 0, '2026-07-07 02:44:11', '2026-07-07 02:44:11'),
(6, 2, NULL, 'debit', 10, 120, 'penukaran_anbiyaa_water', 'Penukaran Poin: Gratis Anbiyaa Water', NULL, 0, '2026-07-07 03:20:04', '2026-07-07 03:20:04'),
(7, 2, 9, 'kredit', 73, 193, 'sewa_lapangan_peak', 'Booking #9 — Lapangan 1, 07 Jul 2026. Sewa lapangan (Peak): +33 poin. Fasilitas tambahan: +40 poin', '2027-01-07 03:34:04', 0, '2026-07-07 03:34:04', '2026-07-07 03:34:04'),
(8, 2, NULL, 'debit', 50, 143, 'penukaran_lapangan_offpeak', 'Penukaran Poin: Gratis 1 Jam Lapangan Off-Peak', NULL, 0, '2026-07-07 03:39:41', '2026-07-07 03:39:41'),
(9, 2, 10, 'kredit', 74, 217, 'sewa_lapangan_offpeak', 'Booking #10 — Lapangan 1, 07 Jul 2026. Sewa lapangan (Off-Peak ×2): +44 poin. Fasilitas tambahan: +30 poin', '2027-01-07 03:42:33', 0, '2026-07-07 03:42:33', '2026-07-07 03:42:33'),
(10, 5, NULL, 'debit', 10, 96, 'penukaran_anbiyaa_water', 'Penukaran Poin: Gratis Anbiyaa Water', NULL, 0, '2026-07-08 14:19:25', '2026-07-08 14:19:25'),
(11, 5, NULL, 'debit', 50, 46, 'penukaran_lapangan_offpeak', 'Penukaran Poin: Gratis 1 Jam Lapangan Off-Peak', NULL, 0, '2026-07-08 14:19:58', '2026-07-08 14:19:58'),
(12, 4, NULL, 'debit', 35, 11, 'penukaran_raket', 'Penukaran Poin: Gratis Sewa Raket 1 Sesi', NULL, 0, '2026-07-10 06:39:31', '2026-07-10 06:39:31'),
(13, 4, NULL, 'debit', 10, 1, 'penukaran_anbiyaa_water', 'Penukaran Poin: Gratis Anbiyaa Water', NULL, 0, '2026-07-10 06:40:14', '2026-07-10 06:40:14'),
(14, 4, 15, 'kredit', 67, 68, 'sewa_lapangan_peak', 'Booking #15 — Lapangan 1, 10 Jul 2026. Sewa lapangan (Peak): +27 poin. Fasilitas tambahan: +40 poin', '2027-01-10 06:41:37', 0, '2026-07-10 06:41:37', '2026-07-10 06:41:37');

-- --------------------------------------------------------

--
-- Table structure for table `redemptions`
--

CREATE TABLE `redemptions` (
  `id` bigint(20) UNSIGNED NOT NULL,
  `user_id` bigint(20) UNSIGNED NOT NULL,
  `booking_id` bigint(20) UNSIGNED DEFAULT NULL,
  `jenis_hadiah` enum('kok_satuan','raket','lapangan_offpeak','voucher_50k','lapangan_peak','voucher_member','anbiyaa_water') NOT NULL,
  `poin_digunakan` int(10) UNSIGNED NOT NULL COMMENT 'Snapshot jumlah poin saat ditukar',
  `kode_voucher` varchar(36) NOT NULL,
  `status` enum('aktif','digunakan','kadaluwarsa') NOT NULL DEFAULT 'aktif',
  `digunakan_pada` timestamp NULL DEFAULT NULL,
  `kode_expired_at` timestamp NULL DEFAULT NULL,
  `created_at` timestamp NULL DEFAULT NULL,
  `updated_at` timestamp NULL DEFAULT NULL
) ENGINE=InnoDB DEFAULT CHARSET=utf8mb4 COLLATE=utf8mb4_unicode_ci;

--
-- Dumping data for table `redemptions`
--

INSERT INTO `redemptions` (`id`, `user_id`, `booking_id`, `jenis_hadiah`, `poin_digunakan`, `kode_voucher`, `status`, `digunakan_pada`, `kode_expired_at`, `created_at`, `updated_at`) VALUES
(1, 2, 10, 'anbiyaa_water', 10, 'b9f97ec7-1db7-4651-887c-09e323105c6c', 'digunakan', '2026-07-07 03:40:38', '2026-08-06 03:20:13', '2026-07-07 03:20:13', '2026-07-07 03:40:38'),
(2, 2, 10, 'lapangan_offpeak', 50, '4948141f-e8c4-4607-8e8b-5fcfda5645fd', 'digunakan', '2026-07-07 03:40:38', '2026-08-06 03:39:43', '2026-07-07 03:39:43', '2026-07-07 03:40:38'),
(3, 5, NULL, 'anbiyaa_water', 10, '6e675edb-b4ae-49f3-91f3-a6ab577b3208', 'aktif', NULL, '2026-08-07 14:19:29', '2026-07-08 14:19:29', '2026-07-08 14:25:05'),
(4, 5, NULL, 'lapangan_offpeak', 50, '60787b69-5077-4c1d-a8c6-b48576bc57e8', 'aktif', NULL, '2026-08-07 14:19:58', '2026-07-08 14:19:58', '2026-07-08 14:25:05'),
(5, 4, 15, 'raket', 35, 'ae9428bb-40b1-4de9-b34c-d87a8e0b3765', 'digunakan', '2026-07-10 06:40:43', '2026-08-09 06:39:36', '2026-07-10 06:39:36', '2026-07-10 06:40:43'),
(6, 4, 15, 'anbiyaa_water', 10, 'e9919071-e4a2-4d62-bf5f-9f1c283529bb', 'digunakan', '2026-07-10 06:40:44', '2026-08-09 06:40:14', '2026-07-10 06:40:14', '2026-07-10 06:40:44');

-- --------------------------------------------------------

--
-- Table structure for table `users`
--

CREATE TABLE `users` (
  `id` bigint(20) UNSIGNED NOT NULL,
  `name` varchar(255) NOT NULL,
  `username` varchar(255) NOT NULL,
  `password` varchar(255) NOT NULL,
  `role` enum('admin','pelanggan') NOT NULL DEFAULT 'pelanggan',
  `nomor_hp` varchar(20) DEFAULT NULL,
  `alamat` varchar(255) DEFAULT NULL,
  `foto_profil` varchar(255) DEFAULT NULL,
  `kategori_member` enum('member','non-member','weekday_pagi','weekday_malam','weekend') NOT NULL DEFAULT 'non-member',
  `membership_expires_at` timestamp NULL DEFAULT NULL,
  `poin_saldo` int(10) UNSIGNED NOT NULL DEFAULT 0 COMMENT 'Cache saldo poin aktif pelanggan',
  `poin_bulanan` int(10) UNSIGNED NOT NULL DEFAULT 0 COMMENT 'Akumulasi poin diperoleh pelanggan pada bulan berjalan',
  `segmen_pelanggan` enum('visitor','ally','partner','loyalist','vip') DEFAULT 'visitor' COMMENT 'Segmen CRM berdasarkan akumulasi poin bulanan',
  `segmen_updated_at` timestamp NULL DEFAULT NULL COMMENT 'Kapan segmen terakhir diperbarui oleh cron job',
  `remember_token` varchar(100) DEFAULT NULL,
  `created_at` timestamp NULL DEFAULT NULL,
  `updated_at` timestamp NULL DEFAULT NULL
) ENGINE=InnoDB DEFAULT CHARSET=utf8mb4 COLLATE=utf8mb4_unicode_ci;

--
-- Dumping data for table `users`
--

INSERT INTO `users` (`id`, `name`, `username`, `password`, `role`, `nomor_hp`, `alamat`, `foto_profil`, `kategori_member`, `membership_expires_at`, `poin_saldo`, `poin_bulanan`, `segmen_pelanggan`, `segmen_updated_at`, `remember_token`, `created_at`, `updated_at`) VALUES
(1, 'Administrator', 'admin', '$2y$10$TW3sbNHssygETiKInywBce2NCllxfznbxBl6hGPWqAm8CbA6tUM1C', 'admin', NULL, NULL, NULL, 'non-member', NULL, 0, 0, 'visitor', NULL, NULL, '2026-06-11 00:43:07', '2026-06-11 00:43:07'),
(2, 'Fahri', 'Fahri', '$2y$10$m/sQNy300x.8mI.05SPIl.wd.gEISYynQ8hnRbP377iWP/PEF.iMe', 'pelanggan', '62895357304477', 'Makassar', NULL, 'non-member', NULL, 217, 277, 'visitor', NULL, NULL, '2026-06-11 00:47:35', '2026-07-09 14:34:25'),
(3, 'Misbah', 'misbah', '$2y$10$b3O6GUTD4byobAM6KlNwmeQxHMRtR1JKoxHJGVGxJOxFc3OYiBF2q', 'pelanggan', '6282194775707', 'Makassar', NULL, 'non-member', NULL, 43, 43, 'visitor', NULL, NULL, '2026-06-11 02:04:30', '2026-06-12 13:28:18'),
(4, 'Ical', 'Ical', '$2y$10$b3O6GUTD4byobAM6KlNwmeQxHMRtR1JKoxHJGVGxJOxFc3OYiBF2q', 'pelanggan', '62895341602482', 'Rappocini', NULL, 'non-member', NULL, 68, 113, 'visitor', NULL, NULL, '2026-06-23 02:02:53', '2026-07-10 06:41:37'),
(5, 'Ekselsa', 'Eksel', '$2y$10$WH9mtzv.j0/024jn2sUCQujdBwk5APnXzGwhf/vG4NWJkRxwUPqUi', 'pelanggan', '6281354079214', 'Makassar', NULL, 'weekday_pagi', '2026-08-08 14:44:23', 46, 106, 'visitor', NULL, NULL, '2026-07-07 02:36:22', '2026-07-09 14:44:23');

-- --------------------------------------------------------

--
-- Table structure for table `vouchers`
--

CREATE TABLE `vouchers` (
  `id` bigint(20) UNSIGNED NOT NULL,
  `user_id` bigint(20) UNSIGNED NOT NULL,
  `voucher_code` varchar(50) NOT NULL,
  `tipe_voucher` enum('ally','partner','loyalist','vip') NOT NULL,
  `status` enum('aktif','digunakan','kadaluwarsa') NOT NULL DEFAULT 'aktif',
  `expired_date` timestamp NULL DEFAULT NULL,
  `booking_id` bigint(20) UNSIGNED DEFAULT NULL,
  `digunakan_pada` timestamp NULL DEFAULT NULL,
  `created_at` timestamp NULL DEFAULT NULL,
  `updated_at` timestamp NULL DEFAULT NULL
) ENGINE=InnoDB DEFAULT CHARSET=utf8mb4 COLLATE=utf8mb4_unicode_ci;

--
-- Indexes for dumped tables
--

--
-- Indexes for table `bookings`
--
ALTER TABLE `bookings`
  ADD PRIMARY KEY (`id`),
  ADD KEY `bookings_lapangan_id_foreign` (`lapangan_id`),
  ADD KEY `bookings_jadwal_id_foreign` (`jadwal_id`),
  ADD KEY `bookings_tanggal_booking_index` (`tanggal_booking`),
  ADD KEY `bookings_user_status_index` (`user_id`,`status`),
  ADD KEY `bookings_status_tanggal_index` (`status`,`tanggal_booking`),
  ADD KEY `bookings_voucher_id_foreign` (`voucher_id`),
  ADD KEY `idx_bookings_created_at` (`created_at`);

--
-- Indexes for table `booking_fasilitas`
--
ALTER TABLE `booking_fasilitas`
  ADD PRIMARY KEY (`id`),
  ADD KEY `booking_fasilitas_booking_id_foreign` (`booking_id`),
  ADD KEY `booking_fasilitas_fasilitas_id_foreign` (`fasilitas_id`);

--
-- Indexes for table `fasilitas`
--
ALTER TABLE `fasilitas`
  ADD PRIMARY KEY (`id`);

--
-- Indexes for table `hari_liburs`
--
ALTER TABLE `hari_liburs`
  ADD PRIMARY KEY (`id`),
  ADD KEY `hari_liburs_lapangan_id_foreign` (`lapangan_id`);

--
-- Indexes for table `jadwal`
--
ALTER TABLE `jadwal`
  ADD PRIMARY KEY (`id`),
  ADD UNIQUE KEY `unique_jadwal_slot` (`lapangan_id`,`tanggal`,`jam_mulai`),
  ADD KEY `jadwal_tanggal_index` (`tanggal`),
  ADD KEY `jadwal_status_index` (`status`),
  ADD KEY `jadwal_lapangan_tanggal_status_index` (`lapangan_id`,`tanggal`,`status`);

--
-- Indexes for table `lapangan`
--
ALTER TABLE `lapangan`
  ADD PRIMARY KEY (`id`);

--
-- Indexes for table `membership_payments`
--
ALTER TABLE `membership_payments`
  ADD PRIMARY KEY (`id`),
  ADD KEY `mp_status_verifikasi_index` (`status_verifikasi`),
  ADD KEY `mp_user_status_index` (`user_id`,`status_verifikasi`),
  ADD KEY `membership_payments_lapangan_id_foreign` (`lapangan_id`),
  ADD KEY `idx_mp_hari_status` (`hari`,`status_verifikasi`),
  ADD KEY `idx_mp_created_at` (`created_at`);

--
-- Indexes for table `migrations`
--
ALTER TABLE `migrations`
  ADD PRIMARY KEY (`id`);

--
-- Indexes for table `pembayaran`
--
ALTER TABLE `pembayaran`
  ADD PRIMARY KEY (`id`),
  ADD UNIQUE KEY `pembayaran_booking_id_unique` (`booking_id`),
  ADD KEY `pembayaran_status_verifikasi_index` (`status_verifikasi`),
  ADD KEY `pembayaran_created_at_index` (`created_at`);

--
-- Indexes for table `points_history`
--
ALTER TABLE `points_history`
  ADD PRIMARY KEY (`id`),
  ADD KEY `points_history_booking_id_foreign` (`booking_id`),
  ADD KEY `ph_user_tipe` (`user_id`,`tipe`),
  ADD KEY `ph_user_expiry` (`user_id`,`is_expired`,`expired_at`),
  ADD KEY `ph_expired_at` (`expired_at`),
  ADD KEY `idx_ph_user_created` (`user_id`,`created_at`);

--
-- Indexes for table `redemptions`
--
ALTER TABLE `redemptions`
  ADD PRIMARY KEY (`id`),
  ADD UNIQUE KEY `redemptions_kode_voucher_unique` (`kode_voucher`),
  ADD KEY `rd_user_status` (`user_id`,`status`),
  ADD KEY `rd_kode_expired` (`kode_expired_at`),
  ADD KEY `redemptions_booking_id_foreign` (`booking_id`),
  ADD KEY `idx_red_status_expired` (`status`,`kode_expired_at`);

--
-- Indexes for table `users`
--
ALTER TABLE `users`
  ADD PRIMARY KEY (`id`),
  ADD UNIQUE KEY `users_username_unique` (`username`),
  ADD UNIQUE KEY `users_nomor_hp_unique` (`nomor_hp`),
  ADD KEY `users_role_index` (`role`);

--
-- Indexes for table `vouchers`
--
ALTER TABLE `vouchers`
  ADD PRIMARY KEY (`id`),
  ADD UNIQUE KEY `vouchers_voucher_code_unique` (`voucher_code`),
  ADD KEY `vouchers_user_id_status_index` (`user_id`,`status`),
  ADD KEY `vouchers_booking_id_foreign` (`booking_id`);

--
-- AUTO_INCREMENT for dumped tables
--

--
-- AUTO_INCREMENT for table `bookings`
--
ALTER TABLE `bookings`
  MODIFY `id` bigint(20) UNSIGNED NOT NULL AUTO_INCREMENT, AUTO_INCREMENT=18;

--
-- AUTO_INCREMENT for table `booking_fasilitas`
--
ALTER TABLE `booking_fasilitas`
  MODIFY `id` bigint(20) UNSIGNED NOT NULL AUTO_INCREMENT, AUTO_INCREMENT=54;

--
-- AUTO_INCREMENT for table `fasilitas`
--
ALTER TABLE `fasilitas`
  MODIFY `id` bigint(20) UNSIGNED NOT NULL AUTO_INCREMENT, AUTO_INCREMENT=8;

--
-- AUTO_INCREMENT for table `hari_liburs`
--
ALTER TABLE `hari_liburs`
  MODIFY `id` bigint(20) UNSIGNED NOT NULL AUTO_INCREMENT;

--
-- AUTO_INCREMENT for table `jadwal`
--
ALTER TABLE `jadwal`
  MODIFY `id` bigint(20) UNSIGNED NOT NULL AUTO_INCREMENT, AUTO_INCREMENT=703;

--
-- AUTO_INCREMENT for table `lapangan`
--
ALTER TABLE `lapangan`
  MODIFY `id` bigint(20) UNSIGNED NOT NULL AUTO_INCREMENT, AUTO_INCREMENT=4;

--
-- AUTO_INCREMENT for table `membership_payments`
--
ALTER TABLE `membership_payments`
  MODIFY `id` bigint(20) UNSIGNED NOT NULL AUTO_INCREMENT, AUTO_INCREMENT=4;

--
-- AUTO_INCREMENT for table `migrations`
--
ALTER TABLE `migrations`
  MODIFY `id` int(10) UNSIGNED NOT NULL AUTO_INCREMENT, AUTO_INCREMENT=45;

--
-- AUTO_INCREMENT for table `pembayaran`
--
ALTER TABLE `pembayaran`
  MODIFY `id` bigint(20) UNSIGNED NOT NULL AUTO_INCREMENT, AUTO_INCREMENT=18;

--
-- AUTO_INCREMENT for table `points_history`
--
ALTER TABLE `points_history`
  MODIFY `id` bigint(20) UNSIGNED NOT NULL AUTO_INCREMENT, AUTO_INCREMENT=15;

--
-- AUTO_INCREMENT for table `redemptions`
--
ALTER TABLE `redemptions`
  MODIFY `id` bigint(20) UNSIGNED NOT NULL AUTO_INCREMENT, AUTO_INCREMENT=7;

--
-- AUTO_INCREMENT for table `users`
--
ALTER TABLE `users`
  MODIFY `id` bigint(20) UNSIGNED NOT NULL AUTO_INCREMENT, AUTO_INCREMENT=6;

--
-- AUTO_INCREMENT for table `vouchers`
--
ALTER TABLE `vouchers`
  MODIFY `id` bigint(20) UNSIGNED NOT NULL AUTO_INCREMENT;

--
-- Constraints for dumped tables
--

--
-- Constraints for table `bookings`
--
ALTER TABLE `bookings`
  ADD CONSTRAINT `bookings_jadwal_id_foreign` FOREIGN KEY (`jadwal_id`) REFERENCES `jadwal` (`id`) ON DELETE CASCADE,
  ADD CONSTRAINT `bookings_lapangan_id_foreign` FOREIGN KEY (`lapangan_id`) REFERENCES `lapangan` (`id`) ON DELETE CASCADE,
  ADD CONSTRAINT `bookings_user_id_foreign` FOREIGN KEY (`user_id`) REFERENCES `users` (`id`) ON DELETE CASCADE,
  ADD CONSTRAINT `bookings_voucher_id_foreign` FOREIGN KEY (`voucher_id`) REFERENCES `vouchers` (`id`) ON DELETE SET NULL;

--
-- Constraints for table `booking_fasilitas`
--
ALTER TABLE `booking_fasilitas`
  ADD CONSTRAINT `booking_fasilitas_booking_id_foreign` FOREIGN KEY (`booking_id`) REFERENCES `bookings` (`id`) ON DELETE CASCADE,
  ADD CONSTRAINT `booking_fasilitas_fasilitas_id_foreign` FOREIGN KEY (`fasilitas_id`) REFERENCES `fasilitas` (`id`) ON DELETE CASCADE;

--
-- Constraints for table `hari_liburs`
--
ALTER TABLE `hari_liburs`
  ADD CONSTRAINT `hari_liburs_lapangan_id_foreign` FOREIGN KEY (`lapangan_id`) REFERENCES `lapangan` (`id`) ON DELETE CASCADE;

--
-- Constraints for table `jadwal`
--
ALTER TABLE `jadwal`
  ADD CONSTRAINT `jadwal_lapangan_id_foreign` FOREIGN KEY (`lapangan_id`) REFERENCES `lapangan` (`id`) ON DELETE CASCADE;

--
-- Constraints for table `membership_payments`
--
ALTER TABLE `membership_payments`
  ADD CONSTRAINT `membership_payments_lapangan_id_foreign` FOREIGN KEY (`lapangan_id`) REFERENCES `lapangan` (`id`) ON DELETE SET NULL,
  ADD CONSTRAINT `membership_payments_user_id_foreign` FOREIGN KEY (`user_id`) REFERENCES `users` (`id`) ON DELETE CASCADE;

--
-- Constraints for table `pembayaran`
--
ALTER TABLE `pembayaran`
  ADD CONSTRAINT `pembayaran_booking_id_foreign` FOREIGN KEY (`booking_id`) REFERENCES `bookings` (`id`) ON DELETE CASCADE;

--
-- Constraints for table `points_history`
--
ALTER TABLE `points_history`
  ADD CONSTRAINT `points_history_booking_id_foreign` FOREIGN KEY (`booking_id`) REFERENCES `bookings` (`id`) ON DELETE SET NULL,
  ADD CONSTRAINT `points_history_user_id_foreign` FOREIGN KEY (`user_id`) REFERENCES `users` (`id`) ON DELETE CASCADE;

--
-- Constraints for table `redemptions`
--
ALTER TABLE `redemptions`
  ADD CONSTRAINT `redemptions_booking_id_foreign` FOREIGN KEY (`booking_id`) REFERENCES `bookings` (`id`) ON DELETE SET NULL,
  ADD CONSTRAINT `redemptions_user_id_foreign` FOREIGN KEY (`user_id`) REFERENCES `users` (`id`) ON DELETE CASCADE;

--
-- Constraints for table `vouchers`
--
ALTER TABLE `vouchers`
  ADD CONSTRAINT `vouchers_booking_id_foreign` FOREIGN KEY (`booking_id`) REFERENCES `bookings` (`id`) ON DELETE SET NULL,
  ADD CONSTRAINT `vouchers_user_id_foreign` FOREIGN KEY (`user_id`) REFERENCES `users` (`id`) ON DELETE CASCADE;
COMMIT;

/*!40101 SET CHARACTER_SET_CLIENT=@OLD_CHARACTER_SET_CLIENT */;
/*!40101 SET CHARACTER_SET_RESULTS=@OLD_CHARACTER_SET_RESULTS */;
/*!40101 SET COLLATION_CONNECTION=@OLD_COLLATION_CONNECTION */;
